Survey of Music History II	09:45:00 AM	11:15:00 AM	Allen (Stephen A.)
Survey of Music History II	09:45:00 AM	11:15:00 AM	Allen (Stephen A.)
The Music of Radiohead	02:50:00 PM	04:20:00 PM	Allen (Stephen A.)
Quantitative Methods.	01:10:00 PM	02:40:00 PM	Amadio (William J.)
Expository Writing	01:10:00 PM	02:40:00 PM	Amato (Mary)
Expository Writing	02:50:00 PM	04:20:00 PM	Amato (Mary)
Marketing Research	09:45:00 AM	11:15:00 AM	Amazeen (Michelle A.)
Marketing Research	11:30:00 AM	01:00:00 PM	Amazeen (Michelle A.)
Advertising Campaigns	01:10:00 PM	02:40:00 PM	Amazeen (Michelle A.)
Acting II: Scene Study	11:30:00 AM	12:30:00 PM	Andrews (Anne M.)
Psychology and Culture	01:10:00 PM	02:40:00 PM	Ansary (Nadia S.)
Developmental Education Psych	08:00:00 AM	02:00:00 PM	Baer (John M.)
Methd Tchg Math in Elem Class	11:00:00 AM	02:00:00 PM	Baldassarre (Cheryl A.)
Marketing Principles	09:10:00 AM	10:10:00 AM	Bartholomew (Darrell E.)
Marketing Principles	10:20:00 AM	11:20:00 AM	Bartholomew (Darrell E.)
Internet Marketing	01:10:00 PM	02:10:00 PM	Bartholomew (Darrell E.)
Ballet IV	08:00:00 AM	09:30:00 AM	Barton (Mary L.)
Ballet V	09:45:00 AM	11:15:00 AM	Barton (Mary L.)
Intro. to Organic and Biochem	09:45:00 AM	11:15:00 AM	Benoff (Brian)
Intro to Organic & Biochm Lab	01:10:00 PM	04:10:00 PM	Benoff (Brian)
Organic Chemistry II Lab	01:10:00 PM	04:10:00 PM	Benoff (Brian)
HONORS: Principles of Micro	01:10:00 PM	02:40:00 PM	Bentley (Jerome T.)
Principles of Microeconomics	04:30:00 PM	06:00:00 PM	Bentley (Jerome T.)
Genetics	09:10:00 AM	10:10:00 AM	Bidle (Kelly A.)
Genetics Lab	01:10:00 PM	04:10:00 PM	Bidle (Kelly A.)
Acting IV: Styles of Acting	09:45:00 AM	11:15:00 AM	Blanton (Trenton R.)
Acting II: Scene Study	01:10:00 PM	02:40:00 PM	Blanton (Trenton R.)
General Physics II	08:00:00 AM	09:00:00 AM	Bochanski (John J.)
Astronomy	10:20:00 AM	11:20:00 AM	Bochanski (John J.)
General Physics II Lab	01:10:00 PM	04:10:00 PM	Bochanski (John J.)
General Physics II Lab	01:10:00 PM	04:10:00 PM	Bochanski (John J.)
Modern Geometry	09:10:00 AM	10:10:00 AM	Borcea (Ciprian S.)
Differential Equations	10:20:00 AM	11:20:00 AM	Borcea (Ciprian S.)
Top in Adv Mth:Alge Geometry	02:50:00 PM	04:20:00 PM	Borcea (Ciprian S.)
Expository Writing	08:00:00 AM	09:30:00 AM	Borochok (Luba)
Seminar in Poltical Science	02:50:00 PM	04:20:00 PM	Brogan (Michael J.)
Intro to App. Behavior Analys	02:50:00 PM	04:20:00 PM	Brosvic (Gary M.)
Communication Law	11:30:00 AM	12:30:00 PM	Brown (Pamela A.)
Earth Materls & Processes Lab	02:50:00 PM	05:50:00 PM	Browne (Kathleen M.)
Earth Materls & Processes Lab	02:50:00 PM	05:50:00 PM	Browne (Kathleen M.)
Introductory Oceanography Lab	02:50:00 PM	05:50:00 PM	Browne (Kathleen M.)
Methd Tchg Math in Elem Class	08:00:00 AM	10:59:00 AM	Bulgar (Sylvia)
Methd Tchg Math in Elem Class	11:00:00 AM	02:00:00 PM	Bulgar (Sylvia)
Adv Publicatn Design & Present	01:10:00 PM	02:40:00 PM	Burger (Robert J.)
Medical Ethics	02:50:00 PM	04:20:00 PM	Burgh (Richard)
Music and Society	09:45:00 AM	11:15:00 AM	Burton (Justin D.)
Writing about Music	01:10:00 PM	02:40:00 PM	Burton (Justin D.)
Black Music in America	01:10:00 PM	02:40:00 PM	Burton (Justin D.)
Digital Comp of Pop Music II	02:50:00 PM	04:20:00 PM	Burton (Justin D.)
Sociological Imagination	02:50:00 PM	04:20:00 PM	Butsch (Richard)
Sociological Imagination	02:50:00 PM	04:20:00 PM	Butsch (Richard)
World History Since 1500	08:00:00 AM	09:30:00 AM	Callahan (Thomas)
ResSem:Family History	08:20:00 AM	11:20:00 AM	Callahan (Thomas)
World History Since 1500	09:45:00 AM	11:15:00 AM	Callahan (Thomas)
Stage Lighting	08:00:00 AM	09:30:00 AM	Cardenas-Alaminos (German)
Stagecraft	10:20:00 AM	11:20:00 AM	Cardenas-Alaminos (German)
Stagecraft	10:20:00 AM	11:20:00 AM	Cardenas-Alaminos (German)
Developmental Disabilities	11:30:00 AM	12:30:00 PM	Carlin (Michael T.)
Research Methods: Cognition	02:50:00 PM	04:20:00 PM	Carlin (Michael T.)
Society&indiv. With Disabiliti	08:20:00 AM	11:20:00 AM	Casale-Giannola (Diane P.)
Inclusion/Students Disabil	01:10:00 PM	02:40:00 PM	Casale-Giannola (Diane P.)
Emergent Literacy P-3	08:00:00 AM	10:59:00 AM	Casey (Heather A.)
Emergent Literacy P-3	11:01:00 AM	02:00:00 PM	Casey (Heather A.)
Religion in America	01:10:00 PM	02:40:00 PM	Castagnera (James O.)
Intro to Chemical Systems	10:20:00 AM	11:20:00 AM	Chen (Feng)
Intro to Chemical Systems	11:30:00 AM	12:30:00 PM	Chen (Feng)
Quantitative Methods Lab	01:10:00 PM	04:10:00 PM	Chen (Feng)
Intermediate Corporate Finance	02:50:00 PM	04:20:00 PM	Chiu (Chih-Chieh)
Intermediate Corporate Finance	04:30:00 PM	06:00:00 PM	Chiu (Chih-Chieh)
Derivatives	04:30:00 PM	06:00:00 PM	Chiu (Chih-Chieh)
Expository Writing	01:10:00 PM	02:40:00 PM	Chong (Lisa)
Expository Writing	02:50:00 PM	04:20:00 PM	Chong (Lisa)
Intro to Creative Writing	01:10:00 PM	02:40:00 PM	Clipper (Roberta)
Creative Writing: Fiction	02:50:00 PM	04:20:00 PM	Clipper (Roberta)
Spanish II	11:30:00 AM	12:30:00 PM	Cohen (Daria)
Intro to Latin-Amer/Latino Lit	01:10:00 PM	02:40:00 PM	Cohen (Daria)
Spanish IV	02:50:00 PM	04:20:00 PM	Cohen (Daria)
Emergent Literacy P-3	08:00:00 AM	10:59:00 AM	Coleridge (Mary Susan)
New Venture Planning	01:10:00 PM	02:40:00 PM	Cook (Ronald G.)
Research Writing	10:20:00 AM	11:20:00 AM	Cordonnier (Deborah)
Race Class & Gender in America	02:50:00 PM	04:20:00 PM	Cordonnier (Deborah)
Economics of Health Care Sys	01:10:00 PM	02:40:00 PM	Corman (Hope)
Principles of Microeconomics	02:50:00 PM	04:20:00 PM	Corman (Hope)
Expository Writing	10:20:00 AM	11:20:00 AM	Costantino (Paige E.)
Fund Management & Org Behavior	11:30:00 AM	01:00:00 PM	Cunningham (Quinn W.)
Team Management	02:50:00 PM	04:20:00 PM	Cunningham (Quinn W.)
Developmental Education Psych	08:00:00 AM	10:59:00 AM	Curran (Michael G.)
Struct & Cultr Middle Sch Clsm	11:30:00 AM	12:30:00 PM	Curran (Michael G.)
Social Media for Education	11:30:00 AM	12:30:00 PM	Curran (Michael G.)
Concepts Instuct Media & Tech	01:10:00 PM	02:40:00 PM	Curran (Michael G.)
Directed Study in Instruct	02:50:00 PM	04:20:00 PM	Curran (Michael G.)
Ballet II	08:00:00 AM	09:30:00 AM	Czyzewski (Carol B.)
Ballet III	09:45:00 AM	11:15:00 AM	Czyzewski (Carol B.)
Information Systems Essential	01:10:00 PM	02:10:00 PM	Dailey (James W.)
Integrated Business with SAP	01:10:00 PM	02:40:00 PM	Dailey (James W.)
Quantitative Methods.	02:50:00 PM	04:20:00 PM	Dailey (James W.)
Arts Events & Festivals Mgt	09:10:00 AM	10:10:00 AM	Dellinger (Todd M.)
Commun/Marketing in Arts	10:20:00 AM	11:20:00 AM	Dellinger (Todd M.)
New York Arts Network	01:10:00 PM	04:10:00 PM	Dellinger (Todd M.)
Child Development	10:20:00 AM	11:20:00 AM	Demant (Cara J.)
Statistics and Research Design	11:30:00 AM	12:30:00 PM	Demant (Cara J.)
Law & Justice Senior Seminar	01:10:00 PM	02:40:00 PM	Denbo (Susan M.)
Speech Communication	09:45:00 AM	11:15:00 AM	Dewberry (David)
Speech Communication	11:30:00 AM	12:30:00 PM	Dewberry (David)
Abnormal Psychology	08:00:00 AM	09:30:00 AM	Dewees (Melissa)
Intro To Psychology	09:45:00 AM	11:15:00 AM	Dewees (Melissa)
Autism Spectrum Disorders	01:10:00 PM	02:40:00 PM	Dolyniuk (Chrystina A.)
Employee Compensation Systems	06:30:00 PM	09:30:00 PM	Donovan (John J.)
Developmental Biology	08:15:00 AM	11:15:00 AM	Drawbridge (Julie)
Developmental Biology Lab	08:15:00 AM	11:15:00 AM	Drawbridge (Julie)
Weather and Climate Change	09:45:00 AM	11:15:00 AM	Druckenbrod (Daniel L.)
Weather and Climate Change	09:45:00 AM	11:15:00 AM	Druckenbrod (Daniel L.)
Environmental Biogeochemistry	10:20:00 AM	11:20:00 AM	Druckenbrod (Daniel L.)
Managerial Uses of Accounting	01:10:00 PM	02:40:00 PM	Dunne (Kathleen)
Managerial Uses of Accounting	02:50:00 PM	04:20:00 PM	Dunne (Kathleen)
Managerial Uses of Accounting	04:30:00 PM	06:00:00 PM	Dunne (Kathleen)
NJ Government and Politics	09:45:00 AM	11:15:00 AM	Dworkin (Benjamin)
Communication Ethics	10:20:00 AM	11:20:00 AM	Ebo (Bosah)
Senior Seminar Communication	11:30:00 AM	12:30:00 PM	Ebo (Bosah)
Comm  Culture and Media	01:10:00 PM	02:10:00 PM	Ebo (Bosah)
Writing for Broadcast	09:45:00 AM	11:15:00 AM	Edelstein (Jeffrey D.)
Management Information Systems	09:45:00 AM	11:15:00 AM	Eder (Lauren B.)
Management Information Systems	01:10:00 PM	02:40:00 PM	Eder (Lauren B.)
Freshman Seminar II	11:30:00 AM	12:30:00 PM	Elgin (Megan A.)
Freshman Seminar II	11:30:00 AM	12:30:00 PM	Elgin (Megan A.)
Publication Design	01:10:00 PM	04:10:00 PM	Ersolmaz (Lori H.)
Organic Chemistry II Lab	08:15:00 AM	11:15:00 AM	Fobare (William)
Spanish III	02:50:00 PM	04:20:00 PM	Fontanet (Hernan J.)
Adv Graphic Design & Portfolio	02:50:00 PM	04:20:00 PM	Franko (Jessica B.)
Understanding Politics	09:45:00 AM	11:15:00 AM	Franz (Barbara)
Nationalism in World Politics	01:10:00 PM	02:40:00 PM	Franz (Barbara)
Nationalism in World Politics	01:10:00 PM	02:40:00 PM	Franz (Barbara)
Gender  War and Peace	02:50:00 PM	04:20:00 PM	Franz (Barbara)
World History Since 1500	08:00:00 AM	09:00:00 AM	Frary (Lucien)
World History Since 1500	09:10:00 AM	10:10:00 AM	Frary (Lucien)
Imperial Russia	10:20:00 AM	11:20:00 AM	Frary (Lucien)
Europe Since 1715	01:10:00 PM	02:10:00 PM	Frary (Lucien)
BUSD Freshman Seminar II	02:50:00 PM	03:50:00 PM	Friedman (Kendall A.)
Script Analysis	09:45:00 AM	11:15:00 AM	Fuller (Ivan)
Theatre History Since 1700	11:30:00 AM	12:30:00 PM	Fuller (Ivan)
Theatre History Since 1700	01:10:00 PM	02:10:00 PM	Fuller (Ivan)
Theatre History Since 1700	01:10:00 PM	02:10:00 PM	Fuller (Ivan)
Marine Vertebrates Lab	01:10:00 PM	04:10:00 PM	Gallagher (William B.)
Marine Vertebrates Lab	01:10:00 PM	04:10:00 PM	Gallagher (William B.)
Advertising Principles	09:10:00 AM	10:10:00 AM	Gao (Zhihong)
Advertising Principles	10:20:00 AM	11:20:00 AM	Gao (Zhihong)
Interactive Advertising	02:50:00 PM	04:20:00 PM	Gao (Zhihong)
Accounting Info Systems	04:30:00 PM	06:00:00 PM	Gardner (Robert)
Contexts Of Schoolng	08:00:00 AM	02:00:00 PM	Garrett (Tracey)
Effective Classroom Management	01:10:00 PM	04:10:00 PM	Garrett (Tracey)
Acting IV: Styles of Acting	02:50:00 PM	04:20:00 PM	Gill (Carter P.)
Intermediate Macroeconomics	09:45:00 AM	11:15:00 AM	Gishlick (Herbert E.)
Principles of Microeconomics	01:10:00 PM	02:40:00 PM	Gishlick (Herbert E.)
Social & Legal Environment Bus	09:10:00 AM	10:10:00 AM	Goldberg (Ilene V.)
Social & Legal Environment Bus	10:20:00 AM	11:20:00 AM	Goldberg (Ilene V.)
Intro Seminar in Law & Justice	11:30:00 AM	12:30:00 PM	Goldberg (Ilene V.)
Musical Theatre Practicum	01:10:00 PM	02:40:00 PM	Goldberg (Louis F.)
Food Writing	01:10:00 PM	02:40:00 PM	Goldie (Matthew B.)
History of the Eng Language	02:50:00 PM	04:20:00 PM	Goldie (Matthew B.)
Expository Writing	10:20:00 AM	11:20:00 AM	Goldstein (Selma)
Expository Writing	11:30:00 AM	12:30:00 PM	Goldstein (Selma)
Sensation and Perception	09:45:00 AM	11:15:00 AM	Golski (Stephanie)
Resrch Methds Human Cog Neuro	01:10:00 PM	04:10:00 PM	Golski (Stephanie)
Human Cognitive Neuro Lab	01:10:00 PM	04:10:00 PM	Golski (Stephanie)
Globl Supply Chn Mgt: Internal	01:10:00 PM	02:40:00 PM	Gong (Linguo)
Production and Operations	02:50:00 PM	04:20:00 PM	Gong (Linguo)
Quantitative Methods Lab	01:10:00 PM	04:10:00 PM	Grushow (Alexander)
Physical Chemistry Laboratory	01:10:00 PM	04:10:00 PM	Grushow (Alexander)
Speech Communication	10:20:00 AM	11:20:00 AM	Gutin (Myra G.)
Nonverbal Communication	11:30:00 AM	12:30:00 PM	Gutin (Myra G.)
Supply Chain Strategy & Design	01:10:00 PM	02:40:00 PM	Haksever (Cengiz)
Production and Operations	02:50:00 PM	04:20:00 PM	Haksever (Cengiz)
Acting II: Scene Study	02:50:00 PM	04:20:00 PM	Halladay (Christopher)
Cultural Anthropology	01:10:00 PM	02:40:00 PM	Halpern (Jeffrey R.)
Research Writing	10:20:00 AM	11:20:00 AM	Harris (Laurel E.)
Research Writing	11:30:00 AM	12:30:00 PM	Harris (Laurel E.)
Contemporary British Lit	01:10:00 PM	02:40:00 PM	Harris (Laurel E.)
Senior Seminar	09:45:00 AM	11:15:00 AM	Haught (Catrinel)
Statistics and Research Design	01:10:00 PM	02:40:00 PM	Haught (Catrinel)
Statistics and Research Design	02:50:00 PM	04:20:00 PM	Haught (Catrinel)
Expository Writing	02:50:00 PM	04:20:00 PM	Haydel (Nina J.)
Accounting Info Systems	09:00:00 AM	12:00:00 PM	Haywood-Sullivan (Mary E.)
Introduction to Research in Ps	10:20:00 AM	11:20:00 AM	Heath (Wendy P.)
Introduction to Research in Ps	11:30:00 AM	12:30:00 PM	Heath (Wendy P.)
Arts Admin Lab	10:20:00 AM	11:20:00 AM	Heidelberg (Brea M.)
Arts Practicum I - Patron Svcs	11:30:00 AM	12:30:00 PM	Heidelberg (Brea M.)
Arts Practicum II - Svc/Field	01:10:00 PM	02:10:00 PM	Heidelberg (Brea M.)
Arts Outreach & Education	02:50:00 PM	04:20:00 PM	Heidelberg (Brea M.)
Serv Learn Thru Mind Our Bus	02:50:00 PM	04:20:00 PM	Hernandez (Sigfredo A.)
Grammar and Style	01:10:00 PM	02:40:00 PM	Hess (Mickey S.)
Intro to American Studies	02:50:00 PM	04:20:00 PM	Hess (Mickey S.)
Teach Science Middle Schl	01:10:00 PM	03:20:00 PM	Hester (Peter R.)
Introduction to News Writing	09:10:00 AM	10:10:00 AM	Hirsch (Gerald T.)
Speech Communication	02:50:00 PM	04:20:00 PM	Howard (Sheena)
Native American History	09:45:00 AM	11:15:00 AM	Hunter (Brooke B.)
The American Revolution	01:10:00 PM	02:40:00 PM	Hunter (Brooke B.)
U.S. History I	02:50:00 PM	04:20:00 PM	Hunter (Brooke B.)
Hist of Amer Musical Theatre	11:30:00 AM	12:30:00 PM	Hurwitz (Nathan)
Musical Theatre Scene Study I	02:50:00 PM	04:20:00 PM	Hurwitz (Nathan)
Musical Theater Repertoire II	02:50:00 PM	04:20:00 PM	Hurwitz (Nathan)
Environmental Geology	10:20:00 AM	11:20:00 AM	Husch (Jonathan M.)
Petrology and Petrography	01:10:00 PM	02:40:00 PM	Husch (Jonathan M.)
Petrology & Petrography Lab	02:50:00 PM	05:50:00 PM	Husch (Jonathan M.)
Feature Writing	09:45:00 AM	11:15:00 AM	Incollingo (J. J.)
In-Depth Reporting	02:50:00 PM	04:20:00 PM	Incollingo (J. J.)
Organic Chemistry II	11:30:00 AM	12:30:00 PM	Jacobs Duda (Danielle)
Physical Organic Chemistry	02:50:00 PM	04:20:00 PM	Jacobs Duda (Danielle)
Physical Organ Che Lab	06:30:00 PM	09:30:00 PM	Jacobs Duda (Danielle)
Fundamentals of Video Productn	08:15:00 AM	11:15:00 AM	Janes (Barry T.)
Fundamentals of Video Productn	01:10:00 PM	02:40:00 PM	Janes (Barry T.)
Broadcast Programming	02:50:00 PM	04:20:00 PM	Janes (Barry T.)
Seminar in Behav Neuroscience	09:45:00 AM	11:15:00 AM	Jivoff (Paul R.)
Behav Mar Org: Evol Approach	01:10:00 PM	04:10:00 PM	Jivoff (Paul R.)
Principles of Biology II	08:00:00 AM	09:00:00 AM	Jivoff (Paul R.)|Hyatt (Laura A.)
Principles of Biology II	09:10:00 AM	10:10:00 AM	Jivoff (Paul R.)|Hyatt (Laura A.)
Publicity Methods	06:30:00 PM	09:30:00 PM	Joffe (Howard H.)
Information Systems Essential	08:00:00 AM	09:30:00 AM	Johnson (Carol A.)
Sp Top/Dance: Tap IV	08:00:00 AM	09:00:00 AM	Johnson Thick (Julia A.)
Tap Dance II	09:10:00 AM	10:10:00 AM	Johnson Thick (Julia A.)
Victorian Literature 1830-1900	10:20:00 AM	11:20:00 AM	Joseph (Terra W.)
Monsters in Literature	11:30:00 AM	12:30:00 PM	Joseph (Terra W.)
Expository Writing	01:10:00 PM	02:40:00 PM	Joseph (Terra W.)
Behavioral Neuroscience	09:45:00 AM	11:15:00 AM	Karp (Jonathan D.)
Biostatistics	11:30:00 AM	12:30:00 PM	Karp (Jonathan D.)
Behav Neuroscience Lab	01:10:00 PM	04:10:00 PM	Karp (Jonathan D.)
Behav Neuroscience Lab	01:10:00 PM	04:10:00 PM	Karp (Jonathan D.)
Biostatistics Lab	01:10:00 PM	04:10:00 PM	Karp (Jonathan D.)
The Co-op Experience Seminar	01:00:00 PM	04:00:00 PM	Kasrel (Mark)
Research Writing	02:50:00 PM	04:20:00 PM	Kelley (Thomas E.)
Managerial Uses of Accounting	11:30:00 AM	01:00:00 PM	Kennedy (Michael B.)
Television Field Production	08:15:00 AM	11:15:00 AM	Kildea (Shawn P.)
Television Production	08:20:00 AM	11:20:00 AM	Kildea (Shawn P.)
Radio & TV Communication	01:10:00 PM	02:40:00 PM	Kildea (Shawn P.)
Fund Management & Org Behavior	01:10:00 PM	02:40:00 PM	Kim (Hee Young)
International Marketing	09:45:00 AM	11:15:00 AM	Kim (Joe H.)
Marketing Principles	02:50:00 PM	04:20:00 PM	Kim (Joe H.)
Intro to American Politics	09:45:00 AM	11:15:00 AM	Kornberg (Harvey R.)
Civil Liberties in the US	10:20:00 AM	11:20:00 AM	Kornberg (Harvey R.)
Civil Liberties in the U.S.	10:20:00 AM	11:20:00 AM	Kornberg (Harvey R.)
The Judicial Process	11:30:00 AM	12:30:00 PM	Kornberg (Harvey R.)
The Judicial Process	11:30:00 AM	12:30:00 PM	Kornberg (Harvey R.)
Intro to American Politics	01:10:00 PM	02:40:00 PM	Kornberg (Harvey R.)
Intro to American Politics	01:10:00 PM	02:40:00 PM	Kornberg (Harvey R.)
Employee Engagement	11:30:00 AM	01:00:00 PM	Kutcher (Eugene)
Intro to Human Resource Mgmt	02:50:00 PM	04:20:00 PM	Kutcher (Eugene)
Research Writing	09:10:00 AM	10:10:00 AM	Lasser (Fred)
Research Writing	10:20:00 AM	11:20:00 AM	Lasser (Fred)
Research Writing	11:30:00 AM	12:30:00 PM	Lasser (Fred)
Expository Writing	01:10:00 PM	02:40:00 PM	Lee (Jennifer C.)
Expository Writing	02:50:00 PM	04:20:00 PM	Lee (Jennifer C.)
International Management	09:45:00 AM	11:15:00 AM	Lentz (Christine)
Expository Writing	09:45:00 AM	11:15:00 AM	Levy (Frank)
Expository Writing	01:10:00 PM	02:40:00 PM	Levy (Frank)
Musical Theatre Dance II	02:50:00 PM	04:20:00 PM	Lewis (Robin W.)
Introduction to Finance	01:10:00 PM	02:40:00 PM	Liu (Feng-Ying)
Personal Financial Planning	01:10:00 PM	02:40:00 PM	Liu (Feng-Ying)
Introduction to Finance	02:50:00 PM	04:20:00 PM	Liu (Feng-Ying)
Research Writing	01:10:00 PM	02:40:00 PM	Losi (Maxim J.)
Research Writing	02:50:00 PM	04:20:00 PM	Losi (Maxim J.)
Life Sci: Behav Neurosci Emph	10:20:00 AM	11:20:00 AM	Lowrey (Phillip L.)
Neuroethology Lab	01:10:00 PM	04:10:00 PM	Lowrey (Phillip L.)
Honors Seminar:Great Ideas II	09:45:00 AM	11:15:00 AM	Lowrey (Phillip L.)|Salvatore (Anne T.)
Writing for the Comm Professns	10:20:00 AM	11:20:00 AM	Magrino (Katherine G.)
Writing for the Media	06:30:00 PM	09:30:00 PM	Magrino (Katherine G.)
Calculus I	08:00:00 AM	09:00:00 AM	Markoe (Andrew)
Top/AdvMth:Field Theo&Clas Pro	10:20:00 AM	11:20:00 AM	Markoe (Andrew)
Calculus I	11:30:00 AM	12:30:00 PM	Markoe (Andrew)
Expository Writing	10:20:00 AM	11:20:00 AM	Marshall (Nowell A.)
Methods of Literary Analysis	11:30:00 AM	12:30:00 PM	Marshall (Nowell A.)
Posthumanism: Bodies and Tech	01:10:00 PM	02:40:00 PM	Marshall (Nowell A.)
Spanish I	09:45:00 AM	11:15:00 AM	Materna (Linda S.)
Masterworks of Western Lit II	01:10:00 PM	02:40:00 PM	Materna (Linda S.)
Literary History I	09:45:00 AM	11:15:00 AM	Maynard (Katherine K.)
Literary History II	01:10:00 PM	02:40:00 PM	Maynard (Katherine K.)
Literary History II	02:50:00 PM	04:20:00 PM	Maynard (Katherine K.)
Principles of Microeconomics	08:00:00 AM	09:00:00 AM	McCall (Charles W.)
Economics of Sports	09:10:00 AM	10:10:00 AM	McCall (Charles W.)
Society&indiv. With Disabiliti	08:15:00 AM	11:15:00 AM	McConville (Sue E.)
Ass. & Instr. in Inclusive Clr	11:30:00 AM	01:00:00 PM	McConville (Sue E.)
Calculus II	11:30:00 AM	12:30:00 PM	McCullough (Jason G.)
Complex Analysis	01:10:00 PM	02:40:00 PM	McCullough (Jason G.)
Writing for the Media	11:30:00 AM	12:30:00 PM	McKinley (E. Graham)
Multimedia Prod I-Inter Design	01:10:00 PM	02:40:00 PM	McKinley (E. Graham)
Multimedia Prod I-Inter Design	02:50:00 PM	04:20:00 PM	McKinley (E. Graham)
Fostering Lang & Literacy Dev	08:00:00 AM	10:59:00 AM	McKool (Sharon S.)
Professional/Strategic Speech	01:10:00 PM	02:40:00 PM	McManimon (Susan J.)
Business Forensic Application	09:45:00 AM	11:15:00 AM	McMullen (Dorothy A.)
Fraud Exam & Bus Forensics	01:10:00 PM	02:40:00 PM	McMullen (Dorothy A.)
Fraud Exam & Bus Forensics	02:50:00 PM	04:20:00 PM	McMullen (Dorothy A.)
Freshman Seminar II	11:30:00 AM	12:30:00 PM	Mehlhorn (Christine D.)
Justice	01:10:00 PM	02:40:00 PM	Mendilow (Jonathan)
Third World Politics	02:50:00 PM	04:20:00 PM	Mendilow (Jonathan)
Third World Politics	02:50:00 PM	04:20:00 PM	Mendilow (Jonathan)
Terrorism Revolut & Polit Viol	06:30:00 PM	09:30:00 PM	Mendilow (Jonathan)
Terrorism Revolut & Polit Viol	06:30:00 PM	09:30:00 PM	Mendilow (Jonathan)
Terrorism Revolut & Polit Viol	06:30:00 PM	09:30:00 PM	Mendilow (Jonathan)
Terrorism Revolut & Polit Viol	06:30:00 PM	09:30:00 PM	Mendilow (Jonathan)
Terrorism Revolut & Polit Viol	06:30:00 PM	09:30:00 PM	Mendilow (Jonathan)
Terrorism Revolut & Polit Viol	06:30:00 PM	09:30:00 PM	Mendilow (Jonathan)
Teach Sci  Soc Std & Arts N-8	11:00:00 AM	02:00:00 PM	Messersmith (James)
Social Impact of Rock and Roll	02:50:00 PM	04:20:00 PM	Millen (Jonathan H.)
Globl Supply Chn Mgt: External	09:45:00 AM	11:15:00 AM	Miller (Tan C.)
Intro to Global Supp Chain Mgt	01:10:00 PM	02:40:00 PM	Miller (Tan C.)
Acting II: Scene Study	02:50:00 PM	04:20:00 PM	Mills (Miriam N.)
Women In Literature	01:10:00 PM	02:40:00 PM	Morse (Mary L.)
Women In Literature	01:10:00 PM	02:40:00 PM	Morse (Mary L.)
SpTop:Environ Movement in Amer	02:50:00 PM	04:20:00 PM	Mosto (Patricia)
Writing for Broadcast	08:00:00 AM	09:30:00 AM	Mozes (John)
Introduction to Research in Ps	09:45:00 AM	11:15:00 AM	Musumeci-Szabo (Tamara J.)
Introduction to Research in Ps	02:50:00 PM	04:20:00 PM	Musumeci-Szabo (Tamara J.)
Art and Society	09:45:00 AM	11:15:00 AM	Naar (Harry I.)
Design	01:10:00 PM	04:10:00 PM	Naar (Harry I.)
Design	01:10:00 PM	04:10:00 PM	Naar (Harry I.)
Fundamentals of Painting	01:10:00 PM	04:10:00 PM	Naar (Harry I.)
Fundamentals of Painting	01:10:00 PM	04:10:00 PM	Naar (Harry I.)
Expository Writing	02:50:00 PM	04:20:00 PM	Naik (Akhila)
French IV	09:10:00 AM	10:10:00 AM	Natan (Stephane)
French I	10:20:00 AM	11:20:00 AM	Natan (Stephane)
Mask & Reality in French Theat	11:30:00 AM	12:30:00 PM	Natan (Stephane)
SpTop: B Wilder in Hollywood	01:10:00 PM	02:40:00 PM	Neelakanta (Vanita)
17th-Century Literature	02:50:00 PM	04:20:00 PM	Neelakanta (Vanita)
HONORS:Marketing Principles	09:45:00 AM	11:15:00 AM	Newman (Cynthia M.)
SelTop:HONORS:Mkt & the Law	01:10:00 PM	02:40:00 PM	Newman (Cynthia M.)|O'Sullivan-Gavin (Susan)
Spec. Topics Honors: Mkt & Law	01:10:00 PM	02:40:00 PM	Newman (Cynthia M.)|O'Sullivan-Gavin (Susan)
Marketing Management Seminar	02:50:00 PM	04:20:00 PM	Newman (Larry M.)
Career Plan & Perspective I	11:30:00 AM	12:30:00 PM	Nicolosi (Lauren M.)
Career Plan & Perspective I	11:30:00 AM	12:30:00 PM	Nicolosi (Lauren M.)
Career Plan & Perspective I	11:30:00 AM	12:30:00 PM	Nicolosi (Lauren M.)
Statistical Methods I	01:10:00 PM	02:40:00 PM	Nygren (Lan M.)
Expository Writing	08:00:00 AM	09:00:00 AM	O'Neil (Robert)
Expository Writing	09:10:00 AM	10:10:00 AM	O'Neil (Robert)
Managerial Uses of Accounting	09:45:00 AM	11:15:00 AM	O'Reilly-Allen (Margaret)
Social & Legal Environment Bus	09:45:00 AM	11:15:00 AM	O'Sullivan-Gavin (Susan)
Sight Singing for MT	09:10:00 AM	10:10:00 AM	Onofrio (Susan L.)
Sight Singing for MT	10:20:00 AM	11:20:00 AM	Onofrio (Susan L.)
Choir	11:30:00 AM	12:30:00 PM	Orr (Philip)
Beginning Piano I	01:10:00 PM	02:10:00 PM	Orr (Philip)
Beginning Piano I	01:10:00 PM	02:10:00 PM	Orr (Philip)
World History Since 1500	01:10:00 PM	02:40:00 PM	Osborne (Anne R.)
Teaching in the High School	08:20:00 AM	11:20:00 AM	Pearcy (Mark)
Contexts Of Schoolng	11:00:00 AM	02:10:00 PM	Pearcy (Mark)
Research Writing	08:00:00 AM	09:00:00 AM	Peters (Pearlie M.)
Multi-Ethnic Lit in America	09:10:00 AM	10:10:00 AM	Peters (Pearlie M.)
Black American Lit	10:20:00 AM	11:20:00 AM	Peters (Pearlie M.)
SpTop:Moth/Daug Am Lit&Film	01:10:00 PM	02:10:00 PM	Peters (Pearlie M.)
Major American Authors	02:50:00 PM	04:20:00 PM	Peters (Pearlie M.)
Career Plan & Perspective I	01:10:00 PM	02:40:00 PM	Phillips (Jessie A.)
Career Plan & Perspective I	01:10:00 PM	02:40:00 PM	Phillips (Jessie A.)
Career Plan & Perspective I	01:10:00 PM	02:40:00 PM	Phillips (Jessie A.)
Career Plan & Perspective I	04:30:00 PM	06:00:00 PM	Phillips (Jessie A.)
Career Plan & Perspective I	04:30:00 PM	06:00:00 PM	Phillips (Jessie A.)
Electronic Spreadsheets	08:00:00 AM	09:00:00 AM	Podgorski (Teresa M.)
French III	09:10:00 AM	10:10:00 AM	Poteau-Tralie (Mary L.)
Self in French Prose & Poetry	10:20:00 AM	11:20:00 AM	Poteau-Tralie (Mary L.)
French II	11:30:00 AM	12:30:00 PM	Poteau-Tralie (Mary L.)
Information Systems Essential	09:10:00 AM	10:10:00 AM	Procaccino (J. D.)
Information Systems Essential	10:20:00 AM	11:20:00 AM	Procaccino (J. D.)
Information Systems Essential	11:30:00 AM	12:30:00 PM	Procaccino (J. D.)
Information Systems Essential	01:10:00 PM	02:40:00 PM	Procaccino (J. D.)
Management Skills	01:10:00 PM	02:40:00 PM	Promislo (Mark D.)
Freshman Seminar II	11:30:00 AM	12:30:00 PM	Psolka (Christine)
Expository Writing	02:50:00 PM	04:20:00 PM	Quirk (William J.)
Investments	10:20:00 AM	11:20:00 AM	Randall (Maury R.)
Investment Analysis	11:30:00 AM	12:30:00 PM	Randall (Maury R.)
International Finance	09:45:00 AM	11:15:00 AM	Ratner (Mitchell)
International Finance	01:10:00 PM	02:40:00 PM	Ratner (Mitchell)
Math Skills Lab	09:10:00 AM	10:10:00 AM	Ricci (Barbara A.)
Math Skills Lab	09:45:00 AM	11:15:00 AM	Ricci (Barbara A.)
Math Skills Lab	10:20:00 AM	11:20:00 AM	Ricci (Barbara A.)
Math Skills Lab	11:30:00 AM	12:30:00 PM	Ricci (Barbara A.)
Math Skills Lab	01:10:00 PM	02:40:00 PM	Ricci (Barbara A.)
Math Skills Lab	01:10:00 PM	02:40:00 PM	Ricci (Barbara A.)
Math Skills Lab	02:50:00 PM	04:20:00 PM	Ricci (Barbara A.)
Music of the Theatre	11:00:00 AM	02:00:00 PM	Rife (Jerry E.)
Life Sci: Biol of Human Aging	09:10:00 AM	10:10:00 AM	Riggs (James E.)
Life Sci: Biol of Human Aging	10:20:00 AM	11:20:00 AM	Riggs (James E.)
Sem in Cell & Molecular Bio	02:50:00 PM	04:20:00 PM	Riggs (James E.)
Principles of Physics II	11:30:00 AM	12:30:00 PM	Ritchie (George W.)
Expository Writing	02:50:00 PM	04:20:00 PM	Roche (John V.)
Research Writing	09:10:00 AM	10:10:00 AM	Rosenbaum (Jane E.)
Research Writing	10:20:00 AM	11:20:00 AM	Rosenbaum (Jane E.)
Methds Tchg Math Middle School	08:00:00 AM	10:59:00 AM	Rosenberg (Carolyn)
Intermediate Painting A-B-C	10:00:00 AM	01:00:00 PM	Rosenthal (Deborah M.)
Intermediate Painting A-B-C	10:00:00 AM	01:00:00 PM	Rosenthal (Deborah M.)
Printmaking	10:00:00 AM	01:00:00 PM	Rosenthal (Deborah M.)
Printmaking	10:00:00 AM	01:00:00 PM	Rosenthal (Deborah M.)
Fundamentals of Drawing	02:00:00 PM	05:00:00 PM	Rosenthal (Deborah M.)
Expository Writing	10:20:00 AM	11:20:00 AM	Ross (Kelly B.)
Expository Writing	11:30:00 AM	12:30:00 PM	Ross (Kelly B.)
Artists of the Cinema	09:45:00 AM	11:15:00 AM	Rubine (Erica I.)
Global Film Hist:1961-Present	01:10:00 PM	04:10:00 PM	Rubine (Erica I.)
Student GLobal Village: Iraq	09:00:00 AM	10:30:00 AM	Rusciano (Roberta F.)
U.S. History II	01:10:00 PM	02:40:00 PM	Ryan (Erica J.)
Crft/His:US & the World	02:50:00 PM	04:20:00 PM	Ryan (Erica J.)
Spanish II	01:10:00 PM	02:40:00 PM	Sanjuan Pastor (Nuria)
Spanish Renaissance	02:50:00 PM	04:20:00 PM	Sanjuan Pastor (Nuria)
Social Services & Social Work	06:30:00 PM	09:30:00 PM	Schachtele (Diane T.)
Italian IV	09:10:00 AM	10:10:00 AM	Scheiber (Elizabeth)
Italian Lit. I: 13th to 19th	02:50:00 PM	04:20:00 PM	Scheiber (Elizabeth)
German IV	09:10:00 AM	10:10:00 AM	Schleissner (Margaret)
German II	10:20:00 AM	11:20:00 AM	Schleissner (Margaret)
SpSt:German Poetry	01:10:00 PM	02:40:00 PM	Schleissner (Margaret)
Algebra and Trigonometry	11:30:00 AM	12:30:00 PM	Schwartz (Charles F.)
Finite Mathematics	01:10:00 PM	02:10:00 PM	Schwartz (Charles F.)
Discrete Mathematics	02:30:00 PM	04:30:00 PM	Schwartz (Charles F.)
Oceanography	10:20:00 AM	11:20:00 AM	Schwimmer (Reed A.)
Oceanography	10:20:00 AM	11:20:00 AM	Schwimmer (Reed A.)
Earth Systems Science	01:10:00 PM	02:10:00 PM	Schwimmer (Reed A.)
Sophomore Series  II	11:30:00 AM	01:00:00 PM	Seplaki (Laura)|Nicolosi (Lauren M.)
Sophomore Series  II	05:00:00 PM	06:30:00 PM	Seplaki (Laura)|Nicolosi (Lauren M.)
Families	09:45:00 AM	11:15:00 AM	Sharma (Prakash C.)
Aging	01:10:00 PM	02:40:00 PM	Sharma (Prakash C.)
Families	02:50:00 PM	04:20:00 PM	Sharma (Prakash C.)
Management Information Systems	08:00:00 AM	09:30:00 AM	Shen (Jia)
Networking/Telecommunications	09:45:00 AM	11:15:00 AM	Shen (Jia)
World History Since 1500	09:10:00 AM	10:10:00 AM	Shepardson (Nikki)
World History Since 1500	10:20:00 AM	11:20:00 AM	Shepardson (Nikki)
The History of Christianity	01:10:00 PM	02:40:00 PM	Shepardson (Nikki)
Musical Theatre Scene Study I	09:45:00 AM	11:15:00 AM	Simon (Rebecca L.)
Speech & Dialects for Actor	01:10:00 PM	02:40:00 PM	Simon (Rebecca L.)
Copy Editing	10:20:00 AM	11:20:00 AM	Simonet (Thomas S.)
Television Production	08:20:00 AM	11:20:00 AM	Slotkin (Neal)
Chemical Oceanography	10:20:00 AM	11:20:00 AM	Smalley (Gabriela W.)
Introductory Oceanography Lab	01:10:00 PM	04:10:00 PM	Smalley (Gabriela W.)
Chemical Oceanography Lab	01:10:00 PM	04:10:00 PM	Smalley (Gabriela W.)
HONORS:Strat Mgt & Policies	09:45:00 AM	11:15:00 AM	Smeltz (Wayne)
Strategic Mgmt and Policy	01:10:00 PM	02:40:00 PM	Smeltz (Wayne)
Student Teaching	04:30:00 PM	06:30:00 PM	Spence-Umstead (Erica)
Biochemistry II	09:45:00 AM	11:15:00 AM	Spiegelberg (Bryan D.)
SpTop:Signal Transduction	10:20:00 AM	11:20:00 AM	Spiegelberg (Bryan D.)
Research Writing	08:00:00 AM	09:30:00 AM	Strom (Susan H.)
Research Writing	09:45:00 AM	11:15:00 AM	Strom (Susan H.)
Research Writing	01:10:00 PM	02:40:00 PM	Strom (Susan H.)
Financial Modeling	02:50:00 PM	04:20:00 PM	Suk (David Y.)
Intro To Psychology	09:10:00 AM	10:10:00 AM	Sullivan (Helen T.)
Intro To Psychology	10:20:00 AM	11:20:00 AM	Sullivan (Helen T.)
Seminar in American Lit	11:30:00 AM	12:30:00 PM	Sullivan (John R.)
Introduction to Film	01:10:00 PM	02:40:00 PM	Sullivan (John R.)
Soil and Surficial Processes	01:10:00 PM	02:40:00 PM	Sun (Hongbing)
Soil and Surficial Process Lab	01:10:00 PM	04:10:00 PM	Sun (Hongbing)
Earth Materls & Processes Lab	02:50:00 PM	05:50:00 PM	Sun (Hongbing)
Earth Materls & Processes Lab	02:50:00 PM	05:50:00 PM	Sun (Hongbing)
Survey of Art History I	01:10:00 PM	02:40:00 PM	Swain (Richard O.)
Career Plan & Perspect III	09:10:00 AM	10:10:00 AM	Sylvester-Pegues (Mary L.)
Career Plan & Perspect III	09:10:00 AM	10:10:00 AM	Sylvester-Pegues (Mary L.)
Career Plan & Perspect III	09:10:00 AM	10:10:00 AM	Sylvester-Pegues (Mary L.)
Career Plan & Perspective I	10:20:00 AM	11:20:00 AM	Sylvester-Pegues (Mary L.)
Career Plan & Perspective I	10:20:00 AM	11:20:00 AM	Sylvester-Pegues (Mary L.)
Career Plan & Perspective I	10:20:00 AM	11:20:00 AM	Sylvester-Pegues (Mary L.)
Principles of Macroeconomics	01:10:00 PM	02:40:00 PM	Taga (Leonore S.)
Web Application Development I	09:45:00 AM	11:15:00 AM	Taylor (Arthur R.)
Web Application Development II	02:50:00 PM	04:20:00 PM	Taylor (Arthur R.)
Management Information Systems	04:30:00 PM	06:00:00 PM	Taylor (Arthur R.)
Statistics and Research Design	08:00:00 AM	09:30:00 AM	Thomas-Cottingham (Alison D.)
Statistics and Research Design	09:45:00 AM	11:15:00 AM	Thomas-Cottingham (Alison D.)
Criminal Justice Sr Seminar	08:00:00 AM	09:30:00 AM	Thompson (Victor R.)
Sociological Imagination	09:45:00 AM	11:15:00 AM	Thompson (Victor R.)
Sel Top in Soc:Comm-Based Rese	11:30:00 AM	12:30:00 PM	Thompson (Victor R.)
Sociological Imagination	01:10:00 PM	02:40:00 PM	Thompson (Victor R.)
Race and Crime	02:50:00 PM	04:20:00 PM	Thompson (Victor R.)
Advanced Prose Style	09:45:00 AM	11:15:00 AM	Titus (Megan L.)
Literature and Composition	01:10:00 PM	02:40:00 PM	Titus (Megan L.)
Managerial Uses of Accounting	04:30:00 PM	06:00:00 PM	Totaro (William J.)
Power and Politics	10:20:00 AM	11:20:00 AM	Truchil (Barry E.)
Intro Seminar in Sociology	01:10:00 PM	02:40:00 PM	Truchil (Barry E.)
Intro Seminar in Sociology	02:50:00 PM	04:20:00 PM	Truchil (Barry E.)
Intro CRJ:Police Courts Correc	10:20:00 AM	11:20:00 AM	Umamaheswar (Janani)
Intro CRJ:Police Courts Correc	02:50:00 PM	03:50:00 PM	Umamaheswar (Janani)
Hist Ballet Modrn&Jazz Dance	01:10:00 PM	02:40:00 PM	Vaccaro (Kimberly A.)
World Dance & Improvisation	02:50:00 PM	04:20:00 PM	Vaccaro (Kimberly A.)
Spanish II	09:10:00 AM	10:10:00 AM	Villalobos-Buehner (Maria F.)
College Reading	09:45:00 AM	11:15:00 AM	Walsh (Russell W.)
Senior Seminar Communication	02:50:00 PM	04:20:00 PM	Wang (Minmin)
Intercultural Communication	04:30:00 PM	06:00:00 PM	Wang (Minmin)
Chinese II	09:10:00 AM	10:10:00 AM	Wang (Shunzhu)
Chinese IV	11:30:00 AM	12:30:00 PM	Wang (Shunzhu)
Adv Chinese Rdg & Composition	02:50:00 PM	04:20:00 PM	Wang (Shunzhu)
Internet Ethics	08:00:00 AM	09:30:00 AM	Warner (Jean R.)
Smartboard	08:00:00 AM	09:30:00 AM	Warner (Jean R.)
Teaching & Learning with Tech	09:45:00 AM	11:15:00 AM	Warner (Jean R.)
Smartboard	02:50:00 PM	04:20:00 PM	Warner (Jean R.)
Biology of Gender & Sexuality	09:45:00 AM	11:15:00 AM	Weber (Edward T.)
Public Relations	01:10:00 PM	02:40:00 PM	Weidhaas (Allison)
Writing for the Media	09:10:00 AM	10:10:00 AM	Wiencek (Nancy A.)
Intro to Media Convergence	09:45:00 AM	11:15:00 AM	Wiencek (Nancy A.)
Spc Tpc:Lang & Power	02:50:00 PM	04:20:00 PM	Wilner (Arlene F.)|McGee (Timothy C.)
Integrative Professional Capst	02:50:00 PM	04:20:00 PM	Wygal (Donald E.)
Publication Design	09:45:00 AM	11:15:00 AM	Xia (Yun)
Publication Design	01:10:00 PM	02:40:00 PM	Xia (Yun)
Intro to Media Convergence	01:10:00 PM	02:40:00 PM	Xia (Yun)
Prin Bio:Biology of Cells	09:10:00 AM	10:10:00 AM	Yavelow (Jonathan)
From Big Bang to Orig of Life	10:20:00 AM	11:20:00 AM	Yavelow (Jonathan)
Prin of Biology: Cells Lab	01:10:00 PM	04:10:00 PM	Yavelow (Jonathan)
Prin of Biology: Cells Lab	01:10:00 PM	04:10:00 PM	Yavelow (Jonathan)
Intro to Entrepreneurship	09:45:00 AM	11:15:00 AM	Zane (Lee J.)
Small Business Management	02:50:00 PM	04:20:00 PM	Zane (Lee J.)
Sociological Imagination	10:20:00 AM	11:20:00 AM	Zdan (Richard)
Sociological Imagination	11:30:00 AM	12:30:00 PM	Zdan (Richard)
Intro to Global Supp Chain Mgt	02:50:00 PM	04:20:00 PM	Zhu (Yunxia)
