5,12/01/14 02:31 AM,12/02/14 02:31 AM,Survey of Music History II,Allen (Stephen A.),09:45:00 AM,11:15:00 AM
6,12/01/14 02:31 AM,12/03/14 02:31 AM,Survey of Music History II,Allen (Stephen A.),09:45:00 AM,11:15:00 AM
7,12/02/14 02:31 AM,12/04/14 02:31 AM,The Music of Radiohead,Allen (Stephen A.),02:50:00 PM,04:20:00 PM
8,12/03/14 02:31 AM,12/05/14 02:31 AM,Quantitative Methods.,Amadio (William J.),01:10:00 PM,02:40:00 PM
9,12/04/14 02:31 AM,12/06/14 02:31 AM,Expository Writing,Amato (Mary),01:10:00 PM,02:40:00 PM
10,12/05/14 02:31 AM,12/07/14 02:31 AM,Expository Writing,Amato (Mary),02:50:00 PM,04:20:00 PM
11,12/06/14 02:31 AM,12/08/14 02:31 AM,Marketing Research,Amazeen (Michelle A.),09:45:00 AM,11:15:00 AM
12,12/07/14 02:31 AM,12/09/14 02:31 AM,Marketing Research,Amazeen (Michelle A.),11:30:00 AM,01:00:00 PM
13,12/08/14 02:31 AM,12/10/14 02:31 AM,Advertising Campaigns,Amazeen (Michelle A.),01:10:00 PM,02:40:00 PM
14,12/09/14 02:31 AM,12/11/14 02:31 AM,Acting II: Scene Study,Andrews (Anne M.),11:30:00 AM,12:30:00 PM
15,12/10/14 02:31 AM,12/12/14 02:31 AM,Psychology and Culture,Ansary (Nadia S.),01:10:00 PM,02:40:00 PM
16,12/11/14 02:31 AM,12/13/14 02:31 AM,Developmental Education Psych,Baer (John M.),08:00:00 AM,02:00:00 PM
17,12/12/14 02:31 AM,12/14/14 02:31 AM,Methd Tchg Math in Elem Class,Baldassarre (Cheryl A.),11:00:00 AM,02:00:00 PM
18,12/13/14 02:31 AM,12/15/14 02:31 AM,Marketing Principles,Bartholomew (Darrell E.),09:10:00 AM,10:10:00 AM
19,12/14/14 02:31 AM,12/16/14 02:31 AM,Marketing Principles,Bartholomew (Darrell E.),10:20:00 AM,11:20:00 AM
20,12/15/14 02:31 AM,12/17/14 02:31 AM,Internet Marketing,Bartholomew (Darrell E.),01:10:00 PM,02:10:00 PM
21,12/16/14 02:31 AM,12/18/14 02:31 AM,Ballet IV,Barton (Mary L.),08:00:00 AM,09:30:00 AM
22,12/17/14 02:31 AM,12/19/14 02:31 AM,Ballet V,Barton (Mary L.),09:45:00 AM,11:15:00 AM
23,12/18/14 02:31 AM,12/20/14 02:31 AM,Intro. to Organic and Biochem,Benoff (Brian),09:45:00 AM,11:15:00 AM
24,12/19/14 02:31 AM,12/21/14 02:31 AM,Intro to Organic & Biochm Lab,Benoff (Brian),01:10:00 PM,04:10:00 PM
25,12/20/14 02:31 AM,12/22/14 02:31 AM,Organic Chemistry II Lab,Benoff (Brian),01:10:00 PM,04:10:00 PM
26,12/21/14 02:31 AM,12/23/14 02:31 AM,HONORS: Principles of Micro,Bentley (Jerome T.),01:10:00 PM,02:40:00 PM
27,12/22/14 02:31 AM,12/24/14 02:31 AM,Principles of Microeconomics,Bentley (Jerome T.),04:30:00 PM,06:00:00 PM
28,12/23/14 02:31 AM,12/25/14 02:31 AM,Genetics,Bidle (Kelly A.),09:10:00 AM,10:10:00 AM
29,12/24/14 02:31 AM,12/26/14 02:31 AM,Genetics Lab,Bidle (Kelly A.),01:10:00 PM,04:10:00 PM
30,12/25/14 02:31 AM,12/27/14 02:31 AM,Acting IV: Styles of Acting,Blanton (Trenton R.),09:45:00 AM,11:15:00 AM
31,12/26/14 02:31 AM,12/28/14 02:31 AM,Acting II: Scene Study,Blanton (Trenton R.),01:10:00 PM,02:40:00 PM
32,12/27/14 02:31 AM,12/29/14 02:31 AM,General Physics II,Bochanski (John J.),08:00:00 AM,09:00:00 AM
33,12/28/14 02:31 AM,12/30/14 02:31 AM,Astronomy,Bochanski (John J.),10:20:00 AM,11:20:00 AM
34,12/29/14 02:31 AM,12/31/14 02:31 AM,General Physics II Lab,Bochanski (John J.),01:10:00 PM,04:10:00 PM
35,12/30/14 02:31 AM,01/01/15 02:31 AM,General Physics II Lab,Bochanski (John J.),01:10:00 PM,04:10:00 PM
36,12/31/14 02:31 AM,01/02/15 02:31 AM,Modern Geometry,Borcea (Ciprian S.),09:10:00 AM,10:10:00 AM
37,01/01/15 02:31 AM,01/03/15 02:31 AM,Differential Equations,Borcea (Ciprian S.),10:20:00 AM,11:20:00 AM
38,01/02/15 02:31 AM,01/04/15 02:31 AM,Top in Adv Mth:Alge Geometry,Borcea (Ciprian S.),02:50:00 PM,04:20:00 PM
39,01/03/15 02:31 AM,01/05/15 02:31 AM,Expository Writing,Borochok (Luba),08:00:00 AM,09:30:00 AM
40,01/04/15 02:31 AM,01/06/15 02:31 AM,Seminar in Poltical Science,Brogan (Michael J.),02:50:00 PM,04:20:00 PM
41,01/05/15 02:31 AM,01/07/15 02:31 AM,Intro to App. Behavior Analys,Brosvic (Gary M.),02:50:00 PM,04:20:00 PM
42,01/06/15 02:31 AM,01/08/15 02:31 AM,Communication Law,Brown (Pamela A.),11:30:00 AM,12:30:00 PM
43,01/07/15 02:31 AM,01/09/15 02:31 AM,Earth Materls & Processes Lab,Browne (Kathleen M.),02:50:00 PM,05:50:00 PM
44,01/08/15 02:31 AM,01/10/15 02:31 AM,Earth Materls & Processes Lab,Browne (Kathleen M.),02:50:00 PM,05:50:00 PM
45,01/09/15 02:31 AM,01/11/15 02:31 AM,Introductory Oceanography Lab,Browne (Kathleen M.),02:50:00 PM,05:50:00 PM
46,01/10/15 02:31 AM,01/12/15 02:31 AM,Methd Tchg Math in Elem Class,Bulgar (Sylvia),08:00:00 AM,10:59:00 AM
47,01/11/15 02:31 AM,01/13/15 02:31 AM,Methd Tchg Math in Elem Class,Bulgar (Sylvia),11:00:00 AM,02:00:00 PM
48,01/12/15 02:31 AM,01/14/15 02:31 AM,Adv Publicatn Design & Present,Burger (Robert J.),01:10:00 PM,02:40:00 PM
49,01/13/15 02:31 AM,01/15/15 02:31 AM,Medical Ethics,Burgh (Richard),02:50:00 PM,04:20:00 PM
50,01/14/15 02:31 AM,01/16/15 02:31 AM,Music and Society,Burton (Justin D.),09:45:00 AM,11:15:00 AM
51,01/15/15 02:31 AM,01/17/15 02:31 AM,Writing about Music,Burton (Justin D.),01:10:00 PM,02:40:00 PM
52,01/16/15 02:31 AM,01/18/15 02:31 AM,Black Music in America,Burton (Justin D.),01:10:00 PM,02:40:00 PM
53,01/17/15 02:31 AM,01/19/15 02:31 AM,Digital Comp of Pop Music II,Burton (Justin D.),02:50:00 PM,04:20:00 PM
54,01/18/15 02:31 AM,01/20/15 02:31 AM,Sociological Imagination,Butsch (Richard),02:50:00 PM,04:20:00 PM
55,01/19/15 02:31 AM,01/21/15 02:31 AM,Sociological Imagination,Butsch (Richard),02:50:00 PM,04:20:00 PM
56,01/20/15 02:31 AM,01/22/15 02:31 AM,World History Since 1500,Callahan (Thomas),08:00:00 AM,09:30:00 AM
57,01/21/15 02:31 AM,01/23/15 02:31 AM,ResSem:Family History,Callahan (Thomas),08:20:00 AM,11:20:00 AM
58,01/22/15 02:31 AM,01/24/15 02:31 AM,World History Since 1500,Callahan (Thomas),09:45:00 AM,11:15:00 AM
59,01/23/15 02:31 AM,01/25/15 02:31 AM,Stage Lighting,Cardenas-Alaminos (German),08:00:00 AM,09:30:00 AM
60,01/24/15 02:31 AM,01/26/15 02:31 AM,Stagecraft,Cardenas-Alaminos (German),10:20:00 AM,11:20:00 AM
61,01/25/15 02:31 AM,01/27/15 02:31 AM,Stagecraft,Cardenas-Alaminos (German),10:20:00 AM,11:20:00 AM
62,01/26/15 02:31 AM,01/28/15 02:31 AM,Developmental Disabilities,Carlin (Michael T.),11:30:00 AM,12:30:00 PM
63,01/27/15 02:31 AM,01/29/15 02:31 AM,Research Methods: Cognition,Carlin (Michael T.),02:50:00 PM,04:20:00 PM
64,01/28/15 02:31 AM,01/30/15 02:31 AM,Society&indiv. With Disabiliti,Casale-Giannola (Diane P.),08:20:00 AM,11:20:00 AM
65,01/29/15 02:31 AM,01/31/15 02:31 AM,Inclusion/Students Disabil,Casale-Giannola (Diane P.),01:10:00 PM,02:40:00 PM
66,01/30/15 02:31 AM,02/01/15 02:31 AM,Emergent Literacy P-3,Casey (Heather A.),08:00:00 AM,10:59:00 AM
67,01/31/15 02:31 AM,02/02/15 02:31 AM,Emergent Literacy P-3,Casey (Heather A.),11:01:00 AM,02:00:00 PM
68,02/01/15 02:31 AM,02/03/15 02:31 AM,Religion in America,Castagnera (James O.),01:10:00 PM,02:40:00 PM
69,02/02/15 02:31 AM,02/04/15 02:31 AM,Intro to Chemical Systems,Chen (Feng),10:20:00 AM,11:20:00 AM
70,02/03/15 02:31 AM,02/05/15 02:31 AM,Intro to Chemical Systems,Chen (Feng),11:30:00 AM,12:30:00 PM
71,02/04/15 02:31 AM,02/06/15 02:31 AM,Quantitative Methods Lab,Chen (Feng),01:10:00 PM,04:10:00 PM
72,02/05/15 02:31 AM,02/07/15 02:31 AM,Intermediate Corporate Finance,Chiu (Chih-Chieh),02:50:00 PM,04:20:00 PM
73,02/06/15 02:31 AM,02/08/15 02:31 AM,Intermediate Corporate Finance,Chiu (Chih-Chieh),04:30:00 PM,06:00:00 PM
74,02/07/15 02:31 AM,02/09/15 02:31 AM,Derivatives,Chiu (Chih-Chieh),04:30:00 PM,06:00:00 PM
75,02/08/15 02:31 AM,02/10/15 02:31 AM,Expository Writing,Chong (Lisa),01:10:00 PM,02:40:00 PM
76,02/09/15 02:31 AM,02/11/15 02:31 AM,Expository Writing,Chong (Lisa),02:50:00 PM,04:20:00 PM
77,02/10/15 02:31 AM,02/12/15 02:31 AM,Intro to Creative Writing,Clipper (Roberta),01:10:00 PM,02:40:00 PM
78,02/11/15 02:31 AM,02/13/15 02:31 AM,Creative Writing: Fiction,Clipper (Roberta),02:50:00 PM,04:20:00 PM
79,02/12/15 02:31 AM,02/14/15 02:31 AM,Spanish II,Cohen (Daria),11:30:00 AM,12:30:00 PM
80,02/13/15 02:31 AM,02/15/15 02:31 AM,Intro to Latin-Amer/Latino Lit,Cohen (Daria),01:10:00 PM,02:40:00 PM
81,02/14/15 02:31 AM,02/16/15 02:31 AM,Spanish IV,Cohen (Daria),02:50:00 PM,04:20:00 PM
82,02/15/15 02:31 AM,02/17/15 02:31 AM,Emergent Literacy P-3,Coleridge (Mary Susan),08:00:00 AM,10:59:00 AM
83,02/16/15 02:31 AM,02/18/15 02:31 AM,New Venture Planning,Cook (Ronald G.),01:10:00 PM,02:40:00 PM
84,02/17/15 02:31 AM,02/19/15 02:31 AM,Research Writing,Cordonnier (Deborah),10:20:00 AM,11:20:00 AM
85,02/18/15 02:31 AM,02/20/15 02:31 AM,Race Class & Gender in America,Cordonnier (Deborah),02:50:00 PM,04:20:00 PM
86,02/19/15 02:31 AM,02/21/15 02:31 AM,Economics of Health Care Sys,Corman (Hope),01:10:00 PM,02:40:00 PM
87,02/20/15 02:31 AM,02/22/15 02:31 AM,Principles of Microeconomics,Corman (Hope),02:50:00 PM,04:20:00 PM
88,02/21/15 02:31 AM,02/23/15 02:31 AM,Expository Writing,Costantino (Paige E.),10:20:00 AM,11:20:00 AM
89,02/22/15 02:31 AM,02/24/15 02:31 AM,Fund Management & Org Behavior,Cunningham (Quinn W.),11:30:00 AM,01:00:00 PM
90,02/23/15 02:31 AM,02/25/15 02:31 AM,Team Management,Cunningham (Quinn W.),02:50:00 PM,04:20:00 PM
91,02/24/15 02:31 AM,02/26/15 02:31 AM,Developmental Education Psych,Curran (Michael G.),08:00:00 AM,10:59:00 AM
92,02/25/15 02:31 AM,02/27/15 02:31 AM,Struct & Cultr Middle Sch Clsm,Curran (Michael G.),11:30:00 AM,12:30:00 PM
93,02/26/15 02:31 AM,02/28/15 02:31 AM,Social Media for Education,Curran (Michael G.),11:30:00 AM,12:30:00 PM
94,02/27/15 02:31 AM,03/01/15 02:31 AM,Concepts Instuct Media & Tech,Curran (Michael G.),01:10:00 PM,02:40:00 PM
95,02/28/15 02:31 AM,03/02/15 02:31 AM,Directed Study in Instruct,Curran (Michael G.),02:50:00 PM,04:20:00 PM
96,03/01/15 02:31 AM,03/03/15 02:31 AM,Ballet II,Czyzewski (Carol B.),08:00:00 AM,09:30:00 AM
97,03/02/15 02:31 AM,03/04/15 02:31 AM,Ballet III,Czyzewski (Carol B.),09:45:00 AM,11:15:00 AM
98,03/03/15 02:31 AM,03/05/15 02:31 AM,Information Systems Essential,Dailey (James W.),01:10:00 PM,02:10:00 PM
99,03/04/15 02:31 AM,03/06/15 02:31 AM,Integrated Business with SAP,Dailey (James W.),01:10:00 PM,02:40:00 PM
100,03/05/15 02:31 AM,03/07/15 02:31 AM,Quantitative Methods.,Dailey (James W.),02:50:00 PM,04:20:00 PM
101,03/06/15 02:31 AM,03/08/15 02:31 AM,Arts Events & Festivals Mgt,Dellinger (Todd M.),09:10:00 AM,10:10:00 AM
102,03/07/15 02:31 AM,03/09/15 02:31 AM,Commun/Marketing in Arts,Dellinger (Todd M.),10:20:00 AM,11:20:00 AM
103,03/08/15 02:31 AM,03/10/15 02:31 AM,New York Arts Network,Dellinger (Todd M.),01:10:00 PM,04:10:00 PM
104,03/09/15 02:31 AM,03/11/15 02:31 AM,Child Development,Demant (Cara J.),10:20:00 AM,11:20:00 AM
105,03/10/15 02:31 AM,03/12/15 02:31 AM,Statistics and Research Design,Demant (Cara J.),11:30:00 AM,12:30:00 PM
106,03/11/15 02:31 AM,03/13/15 02:31 AM,Law & Justice Senior Seminar,Denbo (Susan M.),01:10:00 PM,02:40:00 PM
107,03/12/15 02:31 AM,03/14/15 02:31 AM,Speech Communication,Dewberry (David),09:45:00 AM,11:15:00 AM
108,03/13/15 02:31 AM,03/15/15 02:31 AM,Speech Communication,Dewberry (David),11:30:00 AM,12:30:00 PM
109,03/14/15 02:31 AM,03/16/15 02:31 AM,Abnormal Psychology,Dewees (Melissa),08:00:00 AM,09:30:00 AM
110,03/15/15 02:31 AM,03/17/15 02:31 AM,Intro To Psychology,Dewees (Melissa),09:45:00 AM,11:15:00 AM
111,03/16/15 02:31 AM,03/18/15 02:31 AM,Autism Spectrum Disorders,Dolyniuk (Chrystina A.),01:10:00 PM,02:40:00 PM
112,03/17/15 02:31 AM,03/19/15 02:31 AM,Employee Compensation Systems,Donovan (John J.),06:30:00 PM,09:30:00 PM
113,03/18/15 02:31 AM,03/20/15 02:31 AM,Developmental Biology,Drawbridge (Julie),08:15:00 AM,11:15:00 AM
114,03/19/15 02:31 AM,03/21/15 02:31 AM,Developmental Biology Lab,Drawbridge (Julie),08:15:00 AM,11:15:00 AM
115,03/20/15 02:31 AM,03/22/15 02:31 AM,Weather and Climate Change,Druckenbrod (Daniel L.),09:45:00 AM,11:15:00 AM
116,03/21/15 02:31 AM,03/23/15 02:31 AM,Weather and Climate Change,Druckenbrod (Daniel L.),09:45:00 AM,11:15:00 AM
117,03/22/15 02:31 AM,03/24/15 02:31 AM,Environmental Biogeochemistry,Druckenbrod (Daniel L.),10:20:00 AM,11:20:00 AM
118,03/23/15 02:31 AM,03/25/15 02:31 AM,Managerial Uses of Accounting,Dunne (Kathleen),01:10:00 PM,02:40:00 PM
119,03/24/15 02:31 AM,03/26/15 02:31 AM,Managerial Uses of Accounting,Dunne (Kathleen),02:50:00 PM,04:20:00 PM
120,03/25/15 02:31 AM,03/27/15 02:31 AM,Managerial Uses of Accounting,Dunne (Kathleen),04:30:00 PM,06:00:00 PM
121,03/26/15 02:31 AM,03/28/15 02:31 AM,NJ Government and Politics,Dworkin (Benjamin),09:45:00 AM,11:15:00 AM
122,03/27/15 02:31 AM,03/29/15 02:31 AM,Communication Ethics,Ebo (Bosah),10:20:00 AM,11:20:00 AM
123,03/28/15 02:31 AM,03/30/15 02:31 AM,Senior Seminar Communication,Ebo (Bosah),11:30:00 AM,12:30:00 PM
124,03/29/15 02:31 AM,03/31/15 02:31 AM,Comm  Culture and Media,Ebo (Bosah),01:10:00 PM,02:10:00 PM
125,03/30/15 02:31 AM,04/01/15 02:31 AM,Writing for Broadcast,Edelstein (Jeffrey D.),09:45:00 AM,11:15:00 AM
126,03/31/15 02:31 AM,04/02/15 02:31 AM,Management Information Systems,Eder (Lauren B.),09:45:00 AM,11:15:00 AM
127,04/01/15 02:31 AM,04/03/15 02:31 AM,Management Information Systems,Eder (Lauren B.),01:10:00 PM,02:40:00 PM
128,04/02/15 02:31 AM,04/04/15 02:31 AM,Freshman Seminar II,Elgin (Megan A.),11:30:00 AM,12:30:00 PM
129,04/03/15 02:31 AM,04/05/15 02:31 AM,Freshman Seminar II,Elgin (Megan A.),11:30:00 AM,12:30:00 PM
130,04/04/15 02:31 AM,04/06/15 02:31 AM,Publication Design,Ersolmaz (Lori H.),01:10:00 PM,04:10:00 PM
131,04/05/15 02:31 AM,04/07/15 02:31 AM,Organic Chemistry II Lab,Fobare (William),08:15:00 AM,11:15:00 AM
132,04/06/15 02:31 AM,04/08/15 02:31 AM,Spanish III,Fontanet (Hernan J.),02:50:00 PM,04:20:00 PM
133,04/07/15 02:31 AM,04/09/15 02:31 AM,Adv Graphic Design & Portfolio,Franko (Jessica B.),02:50:00 PM,04:20:00 PM
134,04/08/15 02:31 AM,04/10/15 02:31 AM,Understanding Politics,Franz (Barbara),09:45:00 AM,11:15:00 AM
135,04/09/15 02:31 AM,04/11/15 02:31 AM,Nationalism in World Politics,Franz (Barbara),01:10:00 PM,02:40:00 PM
136,04/10/15 02:31 AM,04/12/15 02:31 AM,Nationalism in World Politics,Franz (Barbara),01:10:00 PM,02:40:00 PM
137,04/11/15 02:31 AM,04/13/15 02:31 AM,Gender  War and Peace,Franz (Barbara),02:50:00 PM,04:20:00 PM
138,04/12/15 02:31 AM,04/14/15 02:31 AM,World History Since 1500,Frary (Lucien),08:00:00 AM,09:00:00 AM
139,04/13/15 02:31 AM,04/15/15 02:31 AM,World History Since 1500,Frary (Lucien),09:10:00 AM,10:10:00 AM
140,04/14/15 02:31 AM,04/16/15 02:31 AM,Imperial Russia,Frary (Lucien),10:20:00 AM,11:20:00 AM
141,04/15/15 02:31 AM,04/17/15 02:31 AM,Europe Since 1715,Frary (Lucien),01:10:00 PM,02:10:00 PM
142,04/16/15 02:31 AM,04/18/15 02:31 AM,BUSD Freshman Seminar II,Friedman (Kendall A.),02:50:00 PM,03:50:00 PM
143,04/17/15 02:31 AM,04/19/15 02:31 AM,Script Analysis,Fuller (Ivan),09:45:00 AM,11:15:00 AM
144,04/18/15 02:31 AM,04/20/15 02:31 AM,Theatre History Since 1700,Fuller (Ivan),11:30:00 AM,12:30:00 PM
145,04/19/15 02:31 AM,04/21/15 02:31 AM,Theatre History Since 1700,Fuller (Ivan),01:10:00 PM,02:10:00 PM
146,04/20/15 02:31 AM,04/22/15 02:31 AM,Theatre History Since 1700,Fuller (Ivan),01:10:00 PM,02:10:00 PM
147,04/21/15 02:31 AM,04/23/15 02:31 AM,Marine Vertebrates Lab,Gallagher (William B.),01:10:00 PM,04:10:00 PM
148,04/22/15 02:31 AM,04/24/15 02:31 AM,Marine Vertebrates Lab,Gallagher (William B.),01:10:00 PM,04:10:00 PM
149,04/23/15 02:31 AM,04/25/15 02:31 AM,Advertising Principles,Gao (Zhihong),09:10:00 AM,10:10:00 AM
150,04/24/15 02:31 AM,04/26/15 02:31 AM,Advertising Principles,Gao (Zhihong),10:20:00 AM,11:20:00 AM
151,04/25/15 02:31 AM,04/27/15 02:31 AM,Interactive Advertising,Gao (Zhihong),02:50:00 PM,04:20:00 PM
152,04/26/15 02:31 AM,04/28/15 02:31 AM,Accounting Info Systems,Gardner (Robert),04:30:00 PM,06:00:00 PM
153,04/27/15 02:31 AM,04/29/15 02:31 AM,Contexts Of Schoolng,Garrett (Tracey),08:00:00 AM,02:00:00 PM
154,04/28/15 02:31 AM,04/30/15 02:31 AM,Effective Classroom Management,Garrett (Tracey),01:10:00 PM,04:10:00 PM
155,04/29/15 02:31 AM,05/01/15 02:31 AM,Acting IV: Styles of Acting,Gill (Carter P.),02:50:00 PM,04:20:00 PM
156,04/30/15 02:31 AM,05/02/15 02:31 AM,Intermediate Macroeconomics,Gishlick (Herbert E.),09:45:00 AM,11:15:00 AM
157,05/01/15 02:31 AM,05/03/15 02:31 AM,Principles of Microeconomics,Gishlick (Herbert E.),01:10:00 PM,02:40:00 PM
158,05/02/15 02:31 AM,05/04/15 02:31 AM,Social & Legal Environment Bus,Goldberg (Ilene V.),09:10:00 AM,10:10:00 AM
159,05/03/15 02:31 AM,05/05/15 02:31 AM,Social & Legal Environment Bus,Goldberg (Ilene V.),10:20:00 AM,11:20:00 AM
160,05/04/15 02:31 AM,05/06/15 02:31 AM,Intro Seminar in Law & Justice,Goldberg (Ilene V.),11:30:00 AM,12:30:00 PM
161,05/05/15 02:31 AM,05/07/15 02:31 AM,Musical Theatre Practicum,Goldberg (Louis F.),01:10:00 PM,02:40:00 PM
162,05/06/15 02:31 AM,05/08/15 02:31 AM,Food Writing,Goldie (Matthew B.),01:10:00 PM,02:40:00 PM
163,05/07/15 02:31 AM,05/09/15 02:31 AM,History of the Eng Language,Goldie (Matthew B.),02:50:00 PM,04:20:00 PM
164,05/08/15 02:31 AM,05/10/15 02:31 AM,Expository Writing,Goldstein (Selma),10:20:00 AM,11:20:00 AM
165,05/09/15 02:31 AM,05/11/15 02:31 AM,Expository Writing,Goldstein (Selma),11:30:00 AM,12:30:00 PM
166,05/10/15 02:31 AM,05/12/15 02:31 AM,Sensation and Perception,Golski (Stephanie),09:45:00 AM,11:15:00 AM
167,05/11/15 02:31 AM,05/13/15 02:31 AM,Resrch Methds Human Cog Neuro,Golski (Stephanie),01:10:00 PM,04:10:00 PM
168,05/12/15 02:31 AM,05/14/15 02:31 AM,Human Cognitive Neuro Lab,Golski (Stephanie),01:10:00 PM,04:10:00 PM
169,05/13/15 02:31 AM,05/15/15 02:31 AM,Globl Supply Chn Mgt: Internal,Gong (Linguo),01:10:00 PM,02:40:00 PM
170,05/14/15 02:31 AM,05/16/15 02:31 AM,Production and Operations,Gong (Linguo),02:50:00 PM,04:20:00 PM
171,05/15/15 02:31 AM,05/17/15 02:31 AM,Quantitative Methods Lab,Grushow (Alexander),01:10:00 PM,04:10:00 PM
172,05/16/15 02:31 AM,05/18/15 02:31 AM,Physical Chemistry Laboratory,Grushow (Alexander),01:10:00 PM,04:10:00 PM
173,05/17/15 02:31 AM,05/19/15 02:31 AM,Speech Communication,Gutin (Myra G.),10:20:00 AM,11:20:00 AM
174,05/18/15 02:31 AM,05/20/15 02:31 AM,Nonverbal Communication,Gutin (Myra G.),11:30:00 AM,12:30:00 PM
175,05/19/15 02:31 AM,05/21/15 02:31 AM,Supply Chain Strategy & Design,Haksever (Cengiz),01:10:00 PM,02:40:00 PM
176,05/20/15 02:31 AM,05/22/15 02:31 AM,Production and Operations,Haksever (Cengiz),02:50:00 PM,04:20:00 PM
177,05/21/15 02:31 AM,05/23/15 02:31 AM,Acting II: Scene Study,Halladay (Christopher),02:50:00 PM,04:20:00 PM
178,05/22/15 02:31 AM,05/24/15 02:31 AM,Cultural Anthropology,Halpern (Jeffrey R.),01:10:00 PM,02:40:00 PM
179,05/23/15 02:31 AM,05/25/15 02:31 AM,Research Writing,Harris (Laurel E.),10:20:00 AM,11:20:00 AM
180,05/24/15 02:31 AM,05/26/15 02:31 AM,Research Writing,Harris (Laurel E.),11:30:00 AM,12:30:00 PM
181,05/25/15 02:31 AM,05/27/15 02:31 AM,Contemporary British Lit,Harris (Laurel E.),01:10:00 PM,02:40:00 PM
182,05/26/15 02:31 AM,05/28/15 02:31 AM,Senior Seminar,Haught (Catrinel),09:45:00 AM,11:15:00 AM
183,05/27/15 02:31 AM,05/29/15 02:31 AM,Statistics and Research Design,Haught (Catrinel),01:10:00 PM,02:40:00 PM
184,05/28/15 02:31 AM,05/30/15 02:31 AM,Statistics and Research Design,Haught (Catrinel),02:50:00 PM,04:20:00 PM
185,05/29/15 02:31 AM,05/31/15 02:31 AM,Expository Writing,Haydel (Nina J.),02:50:00 PM,04:20:00 PM
186,05/30/15 02:31 AM,06/01/15 02:31 AM,Accounting Info Systems,Haywood-Sullivan (Mary E.),09:00:00 AM,12:00:00 PM
187,05/31/15 02:31 AM,06/02/15 02:31 AM,Introduction to Research in Ps,Heath (Wendy P.),10:20:00 AM,11:20:00 AM
188,06/01/15 02:31 AM,06/03/15 02:31 AM,Introduction to Research in Ps,Heath (Wendy P.),11:30:00 AM,12:30:00 PM
189,06/02/15 02:31 AM,06/04/15 02:31 AM,Arts Admin Lab,Heidelberg (Brea M.),10:20:00 AM,11:20:00 AM
190,06/03/15 02:31 AM,06/05/15 02:31 AM,Arts Practicum I - Patron Svcs,Heidelberg (Brea M.),11:30:00 AM,12:30:00 PM
191,06/04/15 02:31 AM,06/06/15 02:31 AM,Arts Practicum II - Svc/Field,Heidelberg (Brea M.),01:10:00 PM,02:10:00 PM
192,06/05/15 02:31 AM,06/07/15 02:31 AM,Arts Outreach & Education,Heidelberg (Brea M.),02:50:00 PM,04:20:00 PM
193,06/06/15 02:31 AM,06/08/15 02:31 AM,Serv Learn Thru Mind Our Bus,Hernandez (Sigfredo A.),02:50:00 PM,04:20:00 PM
194,06/07/15 02:31 AM,06/09/15 02:31 AM,Grammar and Style,Hess (Mickey S.),01:10:00 PM,02:40:00 PM
195,06/08/15 02:31 AM,06/10/15 02:31 AM,Intro to American Studies,Hess (Mickey S.),02:50:00 PM,04:20:00 PM
196,06/09/15 02:31 AM,06/11/15 02:31 AM,Teach Science Middle Schl,Hester (Peter R.),01:10:00 PM,03:20:00 PM
197,06/10/15 02:31 AM,06/12/15 02:31 AM,Introduction to News Writing,Hirsch (Gerald T.),09:10:00 AM,10:10:00 AM
198,06/11/15 02:31 AM,06/13/15 02:31 AM,Speech Communication,Howard (Sheena),02:50:00 PM,04:20:00 PM
199,06/12/15 02:31 AM,06/14/15 02:31 AM,Native American History,Hunter (Brooke B.),09:45:00 AM,11:15:00 AM
200,06/13/15 02:31 AM,06/15/15 02:31 AM,The American Revolution,Hunter (Brooke B.),01:10:00 PM,02:40:00 PM
201,06/14/15 02:31 AM,06/16/15 02:31 AM,U.S. History I,Hunter (Brooke B.),02:50:00 PM,04:20:00 PM
202,06/15/15 02:31 AM,06/17/15 02:31 AM,Hist of Amer Musical Theatre,Hurwitz (Nathan),11:30:00 AM,12:30:00 PM
203,06/16/15 02:31 AM,06/18/15 02:31 AM,Musical Theatre Scene Study I,Hurwitz (Nathan),02:50:00 PM,04:20:00 PM
204,06/17/15 02:31 AM,06/19/15 02:31 AM,Musical Theater Repertoire II,Hurwitz (Nathan),02:50:00 PM,04:20:00 PM
205,06/18/15 02:31 AM,06/20/15 02:31 AM,Environmental Geology,Husch (Jonathan M.),10:20:00 AM,11:20:00 AM
206,06/19/15 02:31 AM,06/21/15 02:31 AM,Petrology and Petrography,Husch (Jonathan M.),01:10:00 PM,02:40:00 PM
207,06/20/15 02:31 AM,06/22/15 02:31 AM,Petrology & Petrography Lab,Husch (Jonathan M.),02:50:00 PM,05:50:00 PM
208,06/21/15 02:31 AM,06/23/15 02:31 AM,Feature Writing,Incollingo (J. J.),09:45:00 AM,11:15:00 AM
209,06/22/15 02:31 AM,06/24/15 02:31 AM,In-Depth Reporting,Incollingo (J. J.),02:50:00 PM,04:20:00 PM
210,06/23/15 02:31 AM,06/25/15 02:31 AM,Organic Chemistry II,Jacobs Duda (Danielle),11:30:00 AM,12:30:00 PM
211,06/24/15 02:31 AM,06/26/15 02:31 AM,Physical Organic Chemistry,Jacobs Duda (Danielle),02:50:00 PM,04:20:00 PM
212,06/25/15 02:31 AM,06/27/15 02:31 AM,Physical Organ Che Lab,Jacobs Duda (Danielle),06:30:00 PM,09:30:00 PM
213,06/26/15 02:31 AM,06/28/15 02:31 AM,Fundamentals of Video Productn,Janes (Barry T.),08:15:00 AM,11:15:00 AM
214,06/27/15 02:31 AM,06/29/15 02:31 AM,Fundamentals of Video Productn,Janes (Barry T.),01:10:00 PM,02:40:00 PM
215,06/28/15 02:31 AM,06/30/15 02:31 AM,Broadcast Programming,Janes (Barry T.),02:50:00 PM,04:20:00 PM
216,06/29/15 02:31 AM,07/01/15 02:31 AM,Seminar in Behav Neuroscience,Jivoff (Paul R.),09:45:00 AM,11:15:00 AM
217,06/30/15 02:31 AM,07/02/15 02:31 AM,Behav Mar Org: Evol Approach,Jivoff (Paul R.),01:10:00 PM,04:10:00 PM
218,07/01/15 02:31 AM,07/03/15 02:31 AM,Principles of Biology II,Jivoff (Paul R.)|Hyatt (Laura A.),08:00:00 AM,09:00:00 AM
219,07/02/15 02:31 AM,07/04/15 02:31 AM,Principles of Biology II,Jivoff (Paul R.)|Hyatt (Laura A.),09:10:00 AM,10:10:00 AM
220,07/03/15 02:31 AM,07/05/15 02:31 AM,Publicity Methods,Joffe (Howard H.),06:30:00 PM,09:30:00 PM
221,07/04/15 02:31 AM,07/06/15 02:31 AM,Information Systems Essential,Johnson (Carol A.),08:00:00 AM,09:30:00 AM
222,07/05/15 02:31 AM,07/07/15 02:31 AM,Sp Top/Dance: Tap IV,Johnson Thick (Julia A.),08:00:00 AM,09:00:00 AM
223,07/06/15 02:31 AM,07/08/15 02:31 AM,Tap Dance II,Johnson Thick (Julia A.),09:10:00 AM,10:10:00 AM
224,07/07/15 02:31 AM,07/09/15 02:31 AM,Victorian Literature 1830-1900,Joseph (Terra W.),10:20:00 AM,11:20:00 AM
225,07/08/15 02:31 AM,07/10/15 02:31 AM,Monsters in Literature,Joseph (Terra W.),11:30:00 AM,12:30:00 PM
226,07/09/15 02:31 AM,07/11/15 02:31 AM,Expository Writing,Joseph (Terra W.),01:10:00 PM,02:40:00 PM
227,07/10/15 02:31 AM,07/12/15 02:31 AM,Behavioral Neuroscience,Karp (Jonathan D.),09:45:00 AM,11:15:00 AM
228,07/11/15 02:31 AM,07/13/15 02:31 AM,Biostatistics,Karp (Jonathan D.),11:30:00 AM,12:30:00 PM
229,07/12/15 02:31 AM,07/14/15 02:31 AM,Behav Neuroscience Lab,Karp (Jonathan D.),01:10:00 PM,04:10:00 PM
230,07/13/15 02:31 AM,07/15/15 02:31 AM,Behav Neuroscience Lab,Karp (Jonathan D.),01:10:00 PM,04:10:00 PM
231,07/14/15 02:31 AM,07/16/15 02:31 AM,Biostatistics Lab,Karp (Jonathan D.),01:10:00 PM,04:10:00 PM
232,07/15/15 02:31 AM,07/17/15 02:31 AM,The Co-op Experience Seminar,Kasrel (Mark),01:00:00 PM,04:00:00 PM
233,07/16/15 02:31 AM,07/18/15 02:31 AM,Research Writing,Kelley (Thomas E.),02:50:00 PM,04:20:00 PM
234,07/17/15 02:31 AM,07/19/15 02:31 AM,Managerial Uses of Accounting,Kennedy (Michael B.),11:30:00 AM,01:00:00 PM
235,07/18/15 02:31 AM,07/20/15 02:31 AM,Television Field Production,Kildea (Shawn P.),08:15:00 AM,11:15:00 AM
236,07/19/15 02:31 AM,07/21/15 02:31 AM,Television Production,Kildea (Shawn P.),08:20:00 AM,11:20:00 AM
237,07/20/15 02:31 AM,07/22/15 02:31 AM,Radio & TV Communication,Kildea (Shawn P.),01:10:00 PM,02:40:00 PM
238,07/21/15 02:31 AM,07/23/15 02:31 AM,Fund Management & Org Behavior,Kim (Hee Young),01:10:00 PM,02:40:00 PM
239,07/22/15 02:31 AM,07/24/15 02:31 AM,International Marketing,Kim (Joe H.),09:45:00 AM,11:15:00 AM
240,07/23/15 02:31 AM,07/25/15 02:31 AM,Marketing Principles,Kim (Joe H.),02:50:00 PM,04:20:00 PM
241,07/24/15 02:31 AM,07/26/15 02:31 AM,Intro to American Politics,Kornberg (Harvey R.),09:45:00 AM,11:15:00 AM
242,07/25/15 02:31 AM,07/27/15 02:31 AM,Civil Liberties in the US,Kornberg (Harvey R.),10:20:00 AM,11:20:00 AM
243,07/26/15 02:31 AM,07/28/15 02:31 AM,Civil Liberties in the U.S.,Kornberg (Harvey R.),10:20:00 AM,11:20:00 AM
244,07/27/15 02:31 AM,07/29/15 02:31 AM,The Judicial Process,Kornberg (Harvey R.),11:30:00 AM,12:30:00 PM
245,07/28/15 02:31 AM,07/30/15 02:31 AM,The Judicial Process,Kornberg (Harvey R.),11:30:00 AM,12:30:00 PM
246,07/29/15 02:31 AM,07/31/15 02:31 AM,Intro to American Politics,Kornberg (Harvey R.),01:10:00 PM,02:40:00 PM
247,07/30/15 02:31 AM,08/01/15 02:31 AM,Intro to American Politics,Kornberg (Harvey R.),01:10:00 PM,02:40:00 PM
248,07/31/15 02:31 AM,08/02/15 02:31 AM,Employee Engagement,Kutcher (Eugene),11:30:00 AM,01:00:00 PM
249,08/01/15 02:31 AM,08/03/15 02:31 AM,Intro to Human Resource Mgmt,Kutcher (Eugene),02:50:00 PM,04:20:00 PM
250,08/02/15 02:31 AM,08/04/15 02:31 AM,Research Writing,Lasser (Fred),09:10:00 AM,10:10:00 AM
251,08/03/15 02:31 AM,08/05/15 02:31 AM,Research Writing,Lasser (Fred),10:20:00 AM,11:20:00 AM
252,08/04/15 02:31 AM,08/06/15 02:31 AM,Research Writing,Lasser (Fred),11:30:00 AM,12:30:00 PM
253,08/05/15 02:31 AM,08/07/15 02:31 AM,Expository Writing,Lee (Jennifer C.),01:10:00 PM,02:40:00 PM
254,08/06/15 02:31 AM,08/08/15 02:31 AM,Expository Writing,Lee (Jennifer C.),02:50:00 PM,04:20:00 PM
255,08/07/15 02:31 AM,08/09/15 02:31 AM,International Management,Lentz (Christine),09:45:00 AM,11:15:00 AM
256,08/08/15 02:31 AM,08/10/15 02:31 AM,Expository Writing,Levy (Frank),09:45:00 AM,11:15:00 AM
257,08/09/15 02:31 AM,08/11/15 02:31 AM,Expository Writing,Levy (Frank),01:10:00 PM,02:40:00 PM
258,08/10/15 02:31 AM,08/12/15 02:31 AM,Musical Theatre Dance II,Lewis (Robin W.),02:50:00 PM,04:20:00 PM
259,08/11/15 02:31 AM,08/13/15 02:31 AM,Introduction to Finance,Liu (Feng-Ying),01:10:00 PM,02:40:00 PM
260,08/12/15 02:31 AM,08/14/15 02:31 AM,Personal Financial Planning,Liu (Feng-Ying),01:10:00 PM,02:40:00 PM
261,08/13/15 02:31 AM,08/15/15 02:31 AM,Introduction to Finance,Liu (Feng-Ying),02:50:00 PM,04:20:00 PM
262,08/14/15 02:31 AM,08/16/15 02:31 AM,Research Writing,Losi (Maxim J.),01:10:00 PM,02:40:00 PM
263,08/15/15 02:31 AM,08/17/15 02:31 AM,Research Writing,Losi (Maxim J.),02:50:00 PM,04:20:00 PM
264,08/16/15 02:31 AM,08/18/15 02:31 AM,Life Sci: Behav Neurosci Emph,Lowrey (Phillip L.),10:20:00 AM,11:20:00 AM
265,08/17/15 02:31 AM,08/19/15 02:31 AM,Neuroethology Lab,Lowrey (Phillip L.),01:10:00 PM,04:10:00 PM
266,08/18/15 02:31 AM,08/20/15 02:31 AM,Honors Seminar:Great Ideas II,Lowrey (Phillip L.)|Salvatore (Anne T.),09:45:00 AM,11:15:00 AM
267,08/19/15 02:31 AM,08/21/15 02:31 AM,Writing for the Comm Professns,Magrino (Katherine G.),10:20:00 AM,11:20:00 AM
268,08/20/15 02:31 AM,08/22/15 02:31 AM,Writing for the Media,Magrino (Katherine G.),06:30:00 PM,09:30:00 PM
269,08/21/15 02:31 AM,08/23/15 02:31 AM,Calculus I,Markoe (Andrew),08:00:00 AM,09:00:00 AM
270,08/22/15 02:31 AM,08/24/15 02:31 AM,Top/AdvMth:Field Theo&Clas Pro,Markoe (Andrew),10:20:00 AM,11:20:00 AM
271,08/23/15 02:31 AM,08/25/15 02:31 AM,Calculus I,Markoe (Andrew),11:30:00 AM,12:30:00 PM
272,08/24/15 02:31 AM,08/26/15 02:31 AM,Expository Writing,Marshall (Nowell A.),10:20:00 AM,11:20:00 AM
273,08/25/15 02:31 AM,08/27/15 02:31 AM,Methods of Literary Analysis,Marshall (Nowell A.),11:30:00 AM,12:30:00 PM
274,08/26/15 02:31 AM,08/28/15 02:31 AM,Posthumanism: Bodies and Tech,Marshall (Nowell A.),01:10:00 PM,02:40:00 PM
275,08/27/15 02:31 AM,08/29/15 02:31 AM,Spanish I,Materna (Linda S.),09:45:00 AM,11:15:00 AM
276,08/28/15 02:31 AM,08/30/15 02:31 AM,Masterworks of Western Lit II,Materna (Linda S.),01:10:00 PM,02:40:00 PM
277,08/29/15 02:31 AM,08/31/15 02:31 AM,Literary History I,Maynard (Katherine K.),09:45:00 AM,11:15:00 AM
278,08/30/15 02:31 AM,09/01/15 02:31 AM,Literary History II,Maynard (Katherine K.),01:10:00 PM,02:40:00 PM
279,08/31/15 02:31 AM,09/02/15 02:31 AM,Literary History II,Maynard (Katherine K.),02:50:00 PM,04:20:00 PM
280,09/01/15 02:31 AM,09/03/15 02:31 AM,Principles of Microeconomics,McCall (Charles W.),08:00:00 AM,09:00:00 AM
281,09/02/15 02:31 AM,09/04/15 02:31 AM,Economics of Sports,McCall (Charles W.),09:10:00 AM,10:10:00 AM
282,09/03/15 02:31 AM,09/05/15 02:31 AM,Society&indiv. With Disabiliti,McConville (Sue E.),08:15:00 AM,11:15:00 AM
283,09/04/15 02:31 AM,09/06/15 02:31 AM,Ass. & Instr. in Inclusive Clr,McConville (Sue E.),11:30:00 AM,01:00:00 PM
284,09/05/15 02:31 AM,09/07/15 02:31 AM,Calculus II,McCullough (Jason G.),11:30:00 AM,12:30:00 PM
285,09/06/15 02:31 AM,09/08/15 02:31 AM,Complex Analysis,McCullough (Jason G.),01:10:00 PM,02:40:00 PM
286,09/07/15 02:31 AM,09/09/15 02:31 AM,Writing for the Media,McKinley (E. Graham),11:30:00 AM,12:30:00 PM
287,09/08/15 02:31 AM,09/10/15 02:31 AM,Multimedia Prod I-Inter Design,McKinley (E. Graham),01:10:00 PM,02:40:00 PM
288,09/09/15 02:31 AM,09/11/15 02:31 AM,Multimedia Prod I-Inter Design,McKinley (E. Graham),02:50:00 PM,04:20:00 PM
289,09/10/15 02:31 AM,09/12/15 02:31 AM,Fostering Lang & Literacy Dev,McKool (Sharon S.),08:00:00 AM,10:59:00 AM
290,09/11/15 02:31 AM,09/13/15 02:31 AM,Professional/Strategic Speech,McManimon (Susan J.),01:10:00 PM,02:40:00 PM
291,09/12/15 02:31 AM,09/14/15 02:31 AM,Business Forensic Application,McMullen (Dorothy A.),09:45:00 AM,11:15:00 AM
292,09/13/15 02:31 AM,09/15/15 02:31 AM,Fraud Exam & Bus Forensics,McMullen (Dorothy A.),01:10:00 PM,02:40:00 PM
293,09/14/15 02:31 AM,09/16/15 02:31 AM,Fraud Exam & Bus Forensics,McMullen (Dorothy A.),02:50:00 PM,04:20:00 PM
294,09/15/15 02:31 AM,09/17/15 02:31 AM,Freshman Seminar II,Mehlhorn (Christine D.),11:30:00 AM,12:30:00 PM
295,09/16/15 02:31 AM,09/18/15 02:31 AM,Justice,Mendilow (Jonathan),01:10:00 PM,02:40:00 PM
296,09/17/15 02:31 AM,09/19/15 02:31 AM,Third World Politics,Mendilow (Jonathan),02:50:00 PM,04:20:00 PM
297,09/18/15 02:31 AM,09/20/15 02:31 AM,Third World Politics,Mendilow (Jonathan),02:50:00 PM,04:20:00 PM
298,09/19/15 02:31 AM,09/21/15 02:31 AM,Terrorism Revolut & Polit Viol,Mendilow (Jonathan),06:30:00 PM,09:30:00 PM
299,09/20/15 02:31 AM,09/22/15 02:31 AM,Terrorism Revolut & Polit Viol,Mendilow (Jonathan),06:30:00 PM,09:30:00 PM
300,09/21/15 02:31 AM,09/23/15 02:31 AM,Terrorism Revolut & Polit Viol,Mendilow (Jonathan),06:30:00 PM,09:30:00 PM
301,09/22/15 02:31 AM,09/24/15 02:31 AM,Terrorism Revolut & Polit Viol,Mendilow (Jonathan),06:30:00 PM,09:30:00 PM
302,09/23/15 02:31 AM,09/25/15 02:31 AM,Terrorism Revolut & Polit Viol,Mendilow (Jonathan),06:30:00 PM,09:30:00 PM
303,09/24/15 02:31 AM,09/26/15 02:31 AM,Terrorism Revolut & Polit Viol,Mendilow (Jonathan),06:30:00 PM,09:30:00 PM
304,09/25/15 02:31 AM,09/27/15 02:31 AM,Teach Sci  Soc Std & Arts N-8,Messersmith (James),11:00:00 AM,02:00:00 PM
305,09/26/15 02:31 AM,09/28/15 02:31 AM,Social Impact of Rock and Roll,Millen (Jonathan H.),02:50:00 PM,04:20:00 PM
306,09/27/15 02:31 AM,09/29/15 02:31 AM,Globl Supply Chn Mgt: External,Miller (Tan C.),09:45:00 AM,11:15:00 AM
307,09/28/15 02:31 AM,09/30/15 02:31 AM,Intro to Global Supp Chain Mgt,Miller (Tan C.),01:10:00 PM,02:40:00 PM
308,09/29/15 02:31 AM,10/01/15 02:31 AM,Acting II: Scene Study,Mills (Miriam N.),02:50:00 PM,04:20:00 PM
309,09/30/15 02:31 AM,10/02/15 02:31 AM,Women In Literature,Morse (Mary L.),01:10:00 PM,02:40:00 PM
310,10/01/15 02:31 AM,10/03/15 02:31 AM,Women In Literature,Morse (Mary L.),01:10:00 PM,02:40:00 PM
311,10/02/15 02:31 AM,10/04/15 02:31 AM,SpTop:Environ Movement in Amer,Mosto (Patricia),02:50:00 PM,04:20:00 PM
312,10/03/15 02:31 AM,10/05/15 02:31 AM,Writing for Broadcast,Mozes (John),08:00:00 AM,09:30:00 AM
313,10/04/15 02:31 AM,10/06/15 02:31 AM,Introduction to Research in Ps,Musumeci-Szabo (Tamara J.),09:45:00 AM,11:15:00 AM
314,10/05/15 02:31 AM,10/07/15 02:31 AM,Introduction to Research in Ps,Musumeci-Szabo (Tamara J.),02:50:00 PM,04:20:00 PM
315,10/06/15 02:31 AM,10/08/15 02:31 AM,Art and Society,Naar (Harry I.),09:45:00 AM,11:15:00 AM
316,10/07/15 02:31 AM,10/09/15 02:31 AM,Design,Naar (Harry I.),01:10:00 PM,04:10:00 PM
317,10/08/15 02:31 AM,10/10/15 02:31 AM,Design,Naar (Harry I.),01:10:00 PM,04:10:00 PM
318,10/09/15 02:31 AM,10/11/15 02:31 AM,Fundamentals of Painting,Naar (Harry I.),01:10:00 PM,04:10:00 PM
319,10/10/15 02:31 AM,10/12/15 02:31 AM,Fundamentals of Painting,Naar (Harry I.),01:10:00 PM,04:10:00 PM
320,10/11/15 02:31 AM,10/13/15 02:31 AM,Expository Writing,Naik (Akhila),02:50:00 PM,04:20:00 PM
321,10/12/15 02:31 AM,10/14/15 02:31 AM,French IV,Natan (Stephane),09:10:00 AM,10:10:00 AM
322,10/13/15 02:31 AM,10/15/15 02:31 AM,French I,Natan (Stephane),10:20:00 AM,11:20:00 AM
323,10/14/15 02:31 AM,10/16/15 02:31 AM,Mask & Reality in French Theat,Natan (Stephane),11:30:00 AM,12:30:00 PM
324,10/15/15 02:31 AM,10/17/15 02:31 AM,SpTop: B Wilder in Hollywood,Neelakanta (Vanita),01:10:00 PM,02:40:00 PM
325,10/16/15 02:31 AM,10/18/15 02:31 AM,17th-Century Literature,Neelakanta (Vanita),02:50:00 PM,04:20:00 PM
326,10/17/15 02:31 AM,10/19/15 02:31 AM,HONORS:Marketing Principles,Newman (Cynthia M.),09:45:00 AM,11:15:00 AM
327,10/18/15 02:31 AM,10/20/15 02:31 AM,SelTop:HONORS:Mkt & the Law,Newman (Cynthia M.)|OSullivan-Gavin (Susan),01:10:00 PM,02:40:00 PM
328,10/19/15 02:31 AM,10/21/15 02:31 AM,Spec. Topics Honors: Mkt & Law,Newman (Cynthia M.)|OSullivan-Gavin (Susan),01:10:00 PM,02:40:00 PM
329,10/20/15 02:31 AM,10/22/15 02:31 AM,Marketing Management Seminar,Newman (Larry M.),02:50:00 PM,04:20:00 PM
330,10/21/15 02:31 AM,10/23/15 02:31 AM,Career Plan & Perspective I,Nicolosi (Lauren M.),11:30:00 AM,12:30:00 PM
331,10/22/15 02:31 AM,10/24/15 02:31 AM,Career Plan & Perspective I,Nicolosi (Lauren M.),11:30:00 AM,12:30:00 PM
332,10/23/15 02:31 AM,10/25/15 02:31 AM,Career Plan & Perspective I,Nicolosi (Lauren M.),11:30:00 AM,12:30:00 PM
333,10/24/15 02:31 AM,10/26/15 02:31 AM,Statistical Methods I,Nygren (Lan M.),01:10:00 PM,02:40:00 PM
334,10/25/15 02:31 AM,10/27/15 02:31 AM,Expository Writing,Oneil (Robert),08:00:00 AM,09:00:00 AM
335,10/26/15 02:31 AM,10/28/15 02:31 AM,Expository Writing,Oneil (Robert),09:10:00 AM,10:10:00 AM
336,10/27/15 02:31 AM,10/29/15 02:31 AM,Managerial Uses of Accounting,Reilly-Allen (Margaret),09:45:00 AM,11:15:00 AM
337,10/28/15 02:31 AM,10/30/15 02:31 AM,Social & Legal Environment Bus,Sullivan-Gavin (Susan),09:45:00 AM,11:15:00 AM
338,10/29/15 02:31 AM,10/31/15 02:31 AM,Sight Singing for MT,Onofrio (Susan L.),09:10:00 AM,10:10:00 AM
339,10/30/15 02:31 AM,11/01/15 02:31 AM,Sight Singing for MT,Onofrio (Susan L.),10:20:00 AM,11:20:00 AM
340,10/31/15 02:31 AM,11/02/15 02:31 AM,Choir,Orr (Philip),11:30:00 AM,12:30:00 PM
341,11/01/15 02:31 AM,11/03/15 02:31 AM,Beginning Piano I,Orr (Philip),01:10:00 PM,02:10:00 PM
342,11/02/15 02:31 AM,11/04/15 02:31 AM,Beginning Piano I,Orr (Philip),01:10:00 PM,02:10:00 PM
343,11/03/15 02:31 AM,11/05/15 02:31 AM,World History Since 1500,Osborne (Anne R.),01:10:00 PM,02:40:00 PM
344,11/04/15 02:31 AM,11/06/15 02:31 AM,Teaching in the High School,Pearcy (Mark),08:20:00 AM,11:20:00 AM
345,11/05/15 02:31 AM,11/07/15 02:31 AM,Contexts Of Schoolng,Pearcy (Mark),11:00:00 AM,02:10:00 PM
346,11/06/15 02:31 AM,11/08/15 02:31 AM,Research Writing,Peters (Pearlie M.),08:00:00 AM,09:00:00 AM
347,11/07/15 02:31 AM,11/09/15 02:31 AM,Multi-Ethnic Lit in America,Peters (Pearlie M.),09:10:00 AM,10:10:00 AM
348,11/08/15 02:31 AM,11/10/15 02:31 AM,Black American Lit,Peters (Pearlie M.),10:20:00 AM,11:20:00 AM
349,11/09/15 02:31 AM,11/11/15 02:31 AM,SpTop:Moth/Daug Am Lit&Film,Peters (Pearlie M.),01:10:00 PM,02:10:00 PM
350,11/10/15 02:31 AM,11/12/15 02:31 AM,Major American Authors,Peters (Pearlie M.),02:50:00 PM,04:20:00 PM
351,11/11/15 02:31 AM,11/13/15 02:31 AM,Career Plan & Perspective I,Phillips (Jessie A.),01:10:00 PM,02:40:00 PM
352,11/12/15 02:31 AM,11/14/15 02:31 AM,Career Plan & Perspective I,Phillips (Jessie A.),01:10:00 PM,02:40:00 PM
353,11/13/15 02:31 AM,11/15/15 02:31 AM,Career Plan & Perspective I,Phillips (Jessie A.),01:10:00 PM,02:40:00 PM
354,11/14/15 02:31 AM,11/16/15 02:31 AM,Career Plan & Perspective I,Phillips (Jessie A.),04:30:00 PM,06:00:00 PM
355,11/15/15 02:31 AM,11/17/15 02:31 AM,Career Plan & Perspective I,Phillips (Jessie A.),04:30:00 PM,06:00:00 PM
356,11/16/15 02:31 AM,11/18/15 02:31 AM,Electronic Spreadsheets,Podgorski (Teresa M.),08:00:00 AM,09:00:00 AM
357,11/17/15 02:31 AM,11/19/15 02:31 AM,French III,Poteau-Tralie (Mary L.),09:10:00 AM,10:10:00 AM
358,11/18/15 02:31 AM,11/20/15 02:31 AM,Self in French Prose & Poetry,Poteau-Tralie (Mary L.),10:20:00 AM,11:20:00 AM
359,11/19/15 02:31 AM,11/21/15 02:31 AM,French II,Poteau-Tralie (Mary L.),11:30:00 AM,12:30:00 PM
360,11/20/15 02:31 AM,11/22/15 02:31 AM,Information Systems Essential,Procaccino (J. D.),09:10:00 AM,10:10:00 AM
361,11/21/15 02:31 AM,11/23/15 02:31 AM,Information Systems Essential,Procaccino (J. D.),10:20:00 AM,11:20:00 AM
362,11/22/15 02:31 AM,11/24/15 02:31 AM,Information Systems Essential,Procaccino (J. D.),11:30:00 AM,12:30:00 PM
363,11/23/15 02:31 AM,11/25/15 02:31 AM,Information Systems Essential,Procaccino (J. D.),01:10:00 PM,02:40:00 PM
364,11/24/15 02:31 AM,11/26/15 02:31 AM,Management Skills,Promislo (Mark D.),01:10:00 PM,02:40:00 PM
365,11/25/15 02:31 AM,11/27/15 02:31 AM,Freshman Seminar II,Psolka (Christine),11:30:00 AM,12:30:00 PM
366,11/26/15 02:31 AM,11/28/15 02:31 AM,Expository Writing,Quirk (William J.),02:50:00 PM,04:20:00 PM
367,11/27/15 02:31 AM,11/29/15 02:31 AM,Investments,Randall (Maury R.),10:20:00 AM,11:20:00 AM
368,11/28/15 02:31 AM,11/30/15 02:31 AM,Investment Analysis,Randall (Maury R.),11:30:00 AM,12:30:00 PM
369,11/29/15 02:31 AM,12/01/15 02:31 AM,International Finance,Ratner (Mitchell),09:45:00 AM,11:15:00 AM
370,11/30/15 02:31 AM,12/02/15 02:31 AM,International Finance,Ratner (Mitchell),01:10:00 PM,02:40:00 PM
371,12/01/15 02:31 AM,12/03/15 02:31 AM,Math Skills Lab,Ricci (Barbara A.),09:10:00 AM,10:10:00 AM
372,12/02/15 02:31 AM,12/04/15 02:31 AM,Math Skills Lab,Ricci (Barbara A.),09:45:00 AM,11:15:00 AM
373,12/03/15 02:31 AM,12/05/15 02:31 AM,Math Skills Lab,Ricci (Barbara A.),10:20:00 AM,11:20:00 AM
374,12/04/15 02:31 AM,12/06/15 02:31 AM,Math Skills Lab,Ricci (Barbara A.),11:30:00 AM,12:30:00 PM
375,12/05/15 02:31 AM,12/07/15 02:31 AM,Math Skills Lab,Ricci (Barbara A.),01:10:00 PM,02:40:00 PM
376,12/06/15 02:31 AM,12/08/15 02:31 AM,Math Skills Lab,Ricci (Barbara A.),01:10:00 PM,02:40:00 PM
377,12/07/15 02:31 AM,12/09/15 02:31 AM,Math Skills Lab,Ricci (Barbara A.),02:50:00 PM,04:20:00 PM
378,12/08/15 02:31 AM,12/10/15 02:31 AM,Music of the Theatre,Rife (Jerry E.),11:00:00 AM,02:00:00 PM
379,12/09/15 02:31 AM,12/11/15 02:31 AM,Life Sci: Biol of Human Aging,Riggs (James E.),09:10:00 AM,10:10:00 AM
380,12/10/15 02:31 AM,12/12/15 02:31 AM,Life Sci: Biol of Human Aging,Riggs (James E.),10:20:00 AM,11:20:00 AM
381,12/11/15 02:31 AM,12/13/15 02:31 AM,Sem in Cell & Molecular Bio,Riggs (James E.),02:50:00 PM,04:20:00 PM
382,12/12/15 02:31 AM,12/14/15 02:31 AM,Principles of Physics II,Ritchie (George W.),11:30:00 AM,12:30:00 PM
383,12/13/15 02:31 AM,12/15/15 02:31 AM,Expository Writing,Roche (John V.),02:50:00 PM,04:20:00 PM
384,12/14/15 02:31 AM,12/16/15 02:31 AM,Research Writing,Rosenbaum (Jane E.),09:10:00 AM,10:10:00 AM
385,12/15/15 02:31 AM,12/17/15 02:31 AM,Research Writing,Rosenbaum (Jane E.),10:20:00 AM,11:20:00 AM
386,12/16/15 02:31 AM,12/18/15 02:31 AM,Methds Tchg Math Middle School,Rosenberg (Carolyn),08:00:00 AM,10:59:00 AM
387,12/17/15 02:31 AM,12/19/15 02:31 AM,Intermediate Painting A-B-C,Rosenthal (Deborah M.),10:00:00 AM,01:00:00 PM
388,12/18/15 02:31 AM,12/20/15 02:31 AM,Intermediate Painting A-B-C,Rosenthal (Deborah M.),10:00:00 AM,01:00:00 PM
389,12/19/15 02:31 AM,12/21/15 02:31 AM,Printmaking,Rosenthal (Deborah M.),10:00:00 AM,01:00:00 PM
390,12/20/15 02:31 AM,12/22/15 02:31 AM,Printmaking,Rosenthal (Deborah M.),10:00:00 AM,01:00:00 PM
391,12/21/15 02:31 AM,12/23/15 02:31 AM,Fundamentals of Drawing,Rosenthal (Deborah M.),02:00:00 PM,05:00:00 PM
392,12/22/15 02:31 AM,12/24/15 02:31 AM,Expository Writing,Ross (Kelly B.),10:20:00 AM,11:20:00 AM
393,12/23/15 02:31 AM,12/25/15 02:31 AM,Expository Writing,Ross (Kelly B.),11:30:00 AM,12:30:00 PM
394,12/24/15 02:31 AM,12/26/15 02:31 AM,Artists of the Cinema,Rubine (Erica I.),09:45:00 AM,11:15:00 AM
395,12/25/15 02:31 AM,12/27/15 02:31 AM,Global Film Hist:1961-Present,Rubine (Erica I.),01:10:00 PM,04:10:00 PM
396,12/26/15 02:31 AM,12/28/15 02:31 AM,Student GLobal Village: Iraq,Rusciano (Roberta F.),09:00:00 AM,10:30:00 AM
397,12/27/15 02:31 AM,12/29/15 02:31 AM,U.S. History II,Ryan (Erica J.),01:10:00 PM,02:40:00 PM
398,12/28/15 02:31 AM,12/30/15 02:31 AM,Crft/His:US & the World,Ryan (Erica J.),02:50:00 PM,04:20:00 PM
399,12/29/15 02:31 AM,12/31/15 02:31 AM,Spanish II,Sanjuan Pastor (Nuria),01:10:00 PM,02:40:00 PM
400,12/30/15 02:31 AM,01/01/16 02:31 AM,Spanish Renaissance,Sanjuan Pastor (Nuria),02:50:00 PM,04:20:00 PM
401,12/31/15 02:31 AM,01/02/16 02:31 AM,Social Services & Social Work,Schachtele (Diane T.),06:30:00 PM,09:30:00 PM
402,01/01/16 02:31 AM,01/03/16 02:31 AM,Italian IV,Scheiber (Elizabeth),09:10:00 AM,10:10:00 AM
403,01/02/16 02:31 AM,01/04/16 02:31 AM,Italian Lit. I: 13th to 19th,Scheiber (Elizabeth),02:50:00 PM,04:20:00 PM
404,01/03/16 02:31 AM,01/05/16 02:31 AM,German IV,Schleissner (Margaret),09:10:00 AM,10:10:00 AM
405,01/04/16 02:31 AM,01/06/16 02:31 AM,German II,Schleissner (Margaret),10:20:00 AM,11:20:00 AM
406,01/05/16 02:31 AM,01/07/16 02:31 AM,SpSt:German Poetry,Schleissner (Margaret),01:10:00 PM,02:40:00 PM
407,01/06/16 02:31 AM,01/08/16 02:31 AM,Algebra and Trigonometry,Schwartz (Charles F.),11:30:00 AM,12:30:00 PM
408,01/07/16 02:31 AM,01/09/16 02:31 AM,Finite Mathematics,Schwartz (Charles F.),01:10:00 PM,02:10:00 PM
409,01/08/16 02:31 AM,01/10/16 02:31 AM,Discrete Mathematics,Schwartz (Charles F.),02:30:00 PM,04:30:00 PM
410,01/09/16 02:31 AM,01/11/16 02:31 AM,Oceanography,Schwimmer (Reed A.),10:20:00 AM,11:20:00 AM
411,01/10/16 02:31 AM,01/12/16 02:31 AM,Oceanography,Schwimmer (Reed A.),10:20:00 AM,11:20:00 AM
412,01/11/16 02:31 AM,01/13/16 02:31 AM,Earth Systems Science,Schwimmer (Reed A.),01:10:00 PM,02:10:00 PM
413,01/12/16 02:31 AM,01/14/16 02:31 AM,Sophomore Series  II,Seplaki (Laura)|Nicolosi (Lauren M.),11:30:00 AM,01:00:00 PM
414,01/13/16 02:31 AM,01/15/16 02:31 AM,Sophomore Series  II,Seplaki (Laura)|Nicolosi (Lauren M.),05:00:00 PM,06:30:00 PM
415,01/14/16 02:31 AM,01/16/16 02:31 AM,Families,Sharma (Prakash C.),09:45:00 AM,11:15:00 AM
416,01/15/16 02:31 AM,01/17/16 02:31 AM,Aging,Sharma (Prakash C.),01:10:00 PM,02:40:00 PM
417,01/16/16 02:31 AM,01/18/16 02:31 AM,Families,Sharma (Prakash C.),02:50:00 PM,04:20:00 PM
418,01/17/16 02:31 AM,01/19/16 02:31 AM,Management Information Systems,Shen (Jia),08:00:00 AM,09:30:00 AM
419,01/18/16 02:31 AM,01/20/16 02:31 AM,Networking/Telecommunications,Shen (Jia),09:45:00 AM,11:15:00 AM
420,01/19/16 02:31 AM,01/21/16 02:31 AM,World History Since 1500,Shepardson (Nikki),09:10:00 AM,10:10:00 AM
421,01/20/16 02:31 AM,01/22/16 02:31 AM,World History Since 1500,Shepardson (Nikki),10:20:00 AM,11:20:00 AM
422,01/21/16 02:31 AM,01/23/16 02:31 AM,The History of Christianity,Shepardson (Nikki),01:10:00 PM,02:40:00 PM
423,01/22/16 02:31 AM,01/24/16 02:31 AM,Musical Theatre Scene Study I,Simon (Rebecca L.),09:45:00 AM,11:15:00 AM
424,01/23/16 02:31 AM,01/25/16 02:31 AM,Speech & Dialects for Actor,Simon (Rebecca L.),01:10:00 PM,02:40:00 PM
425,01/24/16 02:31 AM,01/26/16 02:31 AM,Copy Editing,Simonet (Thomas S.),10:20:00 AM,11:20:00 AM
426,01/25/16 02:31 AM,01/27/16 02:31 AM,Television Production,Slotkin (Neal),08:20:00 AM,11:20:00 AM
427,01/26/16 02:31 AM,01/28/16 02:31 AM,Chemical Oceanography,Smalley (Gabriela W.),10:20:00 AM,11:20:00 AM
428,01/27/16 02:31 AM,01/29/16 02:31 AM,Introductory Oceanography Lab,Smalley (Gabriela W.),01:10:00 PM,04:10:00 PM
429,01/28/16 02:31 AM,01/30/16 02:31 AM,Chemical Oceanography Lab,Smalley (Gabriela W.),01:10:00 PM,04:10:00 PM
430,01/29/16 02:31 AM,01/31/16 02:31 AM,HONORS:Strat Mgt & Policies,Smeltz (Wayne),09:45:00 AM,11:15:00 AM
431,01/30/16 02:31 AM,02/01/16 02:31 AM,Strategic Mgmt and Policy,Smeltz (Wayne),01:10:00 PM,02:40:00 PM
432,01/31/16 02:31 AM,02/02/16 02:31 AM,Student Teaching,Spence-Umstead (Erica),04:30:00 PM,06:30:00 PM
433,02/01/16 02:31 AM,02/03/16 02:31 AM,Biochemistry II,Spiegelberg (Bryan D.),09:45:00 AM,11:15:00 AM
434,02/02/16 02:31 AM,02/04/16 02:31 AM,SpTop:Signal Transduction,Spiegelberg (Bryan D.),10:20:00 AM,11:20:00 AM
435,02/03/16 02:31 AM,02/05/16 02:31 AM,Research Writing,Strom (Susan H.),08:00:00 AM,09:30:00 AM
436,02/04/16 02:31 AM,02/06/16 02:31 AM,Research Writing,Strom (Susan H.),09:45:00 AM,11:15:00 AM
437,02/05/16 02:31 AM,02/07/16 02:31 AM,Research Writing,Strom (Susan H.),01:10:00 PM,02:40:00 PM
438,02/06/16 02:31 AM,02/08/16 02:31 AM,Financial Modeling,Suk (David Y.),02:50:00 PM,04:20:00 PM
439,02/07/16 02:31 AM,02/09/16 02:31 AM,Intro To Psychology,Sullivan (Helen T.),09:10:00 AM,10:10:00 AM
440,02/08/16 02:31 AM,02/10/16 02:31 AM,Intro To Psychology,Sullivan (Helen T.),10:20:00 AM,11:20:00 AM
441,02/09/16 02:31 AM,02/11/16 02:31 AM,Seminar in American Lit,Sullivan (John R.),11:30:00 AM,12:30:00 PM
442,02/10/16 02:31 AM,02/12/16 02:31 AM,Introduction to Film,Sullivan (John R.),01:10:00 PM,02:40:00 PM
443,02/11/16 02:31 AM,02/13/16 02:31 AM,Soil and Surficial Processes,Sun (Hongbing),01:10:00 PM,02:40:00 PM
444,02/12/16 02:31 AM,02/14/16 02:31 AM,Soil and Surficial Process Lab,Sun (Hongbing),01:10:00 PM,04:10:00 PM
445,02/13/16 02:31 AM,02/15/16 02:31 AM,Earth Materls & Processes Lab,Sun (Hongbing),02:50:00 PM,05:50:00 PM
446,02/14/16 02:31 AM,02/16/16 02:31 AM,Earth Materls & Processes Lab,Sun (Hongbing),02:50:00 PM,05:50:00 PM
447,02/15/16 02:31 AM,02/17/16 02:31 AM,Survey of Art History I,Swain (Richard O.),01:10:00 PM,02:40:00 PM
448,02/16/16 02:31 AM,02/18/16 02:31 AM,Career Plan & Perspect III,Sylvester-Pegues (Mary L.),09:10:00 AM,10:10:00 AM
449,02/17/16 02:31 AM,02/19/16 02:31 AM,Career Plan & Perspect III,Sylvester-Pegues (Mary L.),09:10:00 AM,10:10:00 AM
450,02/18/16 02:31 AM,02/20/16 02:31 AM,Career Plan & Perspect III,Sylvester-Pegues (Mary L.),09:10:00 AM,10:10:00 AM
451,02/19/16 02:31 AM,02/21/16 02:31 AM,Career Plan & Perspective I,Sylvester-Pegues (Mary L.),10:20:00 AM,11:20:00 AM
452,02/20/16 02:31 AM,02/22/16 02:31 AM,Career Plan & Perspective I,Sylvester-Pegues (Mary L.),10:20:00 AM,11:20:00 AM
453,02/21/16 02:31 AM,02/23/16 02:31 AM,Career Plan & Perspective I,Sylvester-Pegues (Mary L.),10:20:00 AM,11:20:00 AM
454,02/22/16 02:31 AM,02/24/16 02:31 AM,Principles of Macroeconomics,Taga (Leonore S.),01:10:00 PM,02:40:00 PM
455,02/23/16 02:31 AM,02/25/16 02:31 AM,Web Application Development I,Taylor (Arthur R.),09:45:00 AM,11:15:00 AM
456,02/24/16 02:31 AM,02/26/16 02:31 AM,Web Application Development II,Taylor (Arthur R.),02:50:00 PM,04:20:00 PM
457,02/25/16 02:31 AM,02/27/16 02:31 AM,Management Information Systems,Taylor (Arthur R.),04:30:00 PM,06:00:00 PM
458,02/26/16 02:31 AM,02/28/16 02:31 AM,Statistics and Research Design,Thomas-Cottingham (Alison D.),08:00:00 AM,09:30:00 AM
459,02/27/16 02:31 AM,02/29/16 02:31 AM,Statistics and Research Design,Thomas-Cottingham (Alison D.),09:45:00 AM,11:15:00 AM
460,02/28/16 02:31 AM,03/01/16 02:31 AM,Criminal Justice Sr Seminar,Thompson (Victor R.),08:00:00 AM,09:30:00 AM
461,02/29/16 02:31 AM,03/02/16 02:31 AM,Sociological Imagination,Thompson (Victor R.),09:45:00 AM,11:15:00 AM
462,03/01/16 02:31 AM,03/03/16 02:31 AM,Sel Top in Soc:Comm-Based Rese,Thompson (Victor R.),11:30:00 AM,12:30:00 PM
463,03/02/16 02:31 AM,03/04/16 02:31 AM,Sociological Imagination,Thompson (Victor R.),01:10:00 PM,02:40:00 PM
464,03/03/16 02:31 AM,03/05/16 02:31 AM,Race and Crime,Thompson (Victor R.),02:50:00 PM,04:20:00 PM
465,03/04/16 02:31 AM,03/06/16 02:31 AM,Advanced Prose Style,Titus (Megan L.),09:45:00 AM,11:15:00 AM
466,03/05/16 02:31 AM,03/07/16 02:31 AM,Literature and Composition,Titus (Megan L.),01:10:00 PM,02:40:00 PM
467,03/06/16 02:31 AM,03/08/16 02:31 AM,Managerial Uses of Accounting,Totaro (William J.),04:30:00 PM,06:00:00 PM
468,03/07/16 02:31 AM,03/09/16 02:31 AM,Power and Politics,Truchil (Barry E.),10:20:00 AM,11:20:00 AM
469,03/08/16 02:31 AM,03/10/16 02:31 AM,Intro Seminar in Sociology,Truchil (Barry E.),01:10:00 PM,02:40:00 PM
470,03/09/16 02:31 AM,03/11/16 02:31 AM,Intro Seminar in Sociology,Truchil (Barry E.),02:50:00 PM,04:20:00 PM
471,03/10/16 02:31 AM,03/12/16 02:31 AM,Intro CRJ:Police Courts Correc,Umamaheswar (Janani),10:20:00 AM,11:20:00 AM
472,03/11/16 02:31 AM,03/13/16 02:31 AM,Intro CRJ:Police Courts Correc,Umamaheswar (Janani),02:50:00 PM,03:50:00 PM
473,03/12/16 02:31 AM,03/14/16 02:31 AM,Hist Ballet Modrn&Jazz Dance,Vaccaro (Kimberly A.),01:10:00 PM,02:40:00 PM
474,03/13/16 02:31 AM,03/15/16 02:31 AM,World Dance & Improvisation,Vaccaro (Kimberly A.),02:50:00 PM,04:20:00 PM
475,03/14/16 02:31 AM,03/16/16 02:31 AM,Spanish II,Villalobos-Buehner (Maria F.),09:10:00 AM,10:10:00 AM
476,03/15/16 02:31 AM,03/17/16 02:31 AM,College Reading,Walsh (Russell W.),09:45:00 AM,11:15:00 AM
477,03/16/16 02:31 AM,03/18/16 02:31 AM,Senior Seminar Communication,Wang (Minmin),02:50:00 PM,04:20:00 PM
478,03/17/16 02:31 AM,03/19/16 02:31 AM,Chinese I,Wang (Minmin),04:30:00 PM,06:00:00 PM
479,03/18/16 02:31 AM,03/20/16 02:31 AM,Chinese II,Wang (Shunzhu),09:10:00 AM,10:10:00 AM
480,03/19/16 02:31 AM,03/21/16 02:31 AM,Chinese IV,Wang (Shunzhu),11:30:00 AM,12:30:00 PM
481,03/20/16 02:31 AM,03/22/16 02:31 AM,Adv Chinese Rdg & Composition,Wang (Shunzhu),02:50:00 PM,04:20:00 PM
482,03/21/16 02:31 AM,03/23/16 02:31 AM,Internet Ethics,Warner (Jean R.),08:00:00 AM,09:30:00 AM
483,03/22/16 02:31 AM,03/24/16 02:31 AM,Smartboard,Warner (Jean R.),08:00:00 AM,09:30:00 AM
484,03/23/16 02:31 AM,03/25/16 02:31 AM,Teaching & Learning with Tech,Warner (Jean R.),09:45:00 AM,11:15:00 AM
485,03/24/16 02:31 AM,03/26/16 02:31 AM,Smartboard,Warner (Jean R.),02:50:00 PM,04:20:00 PM
486,03/25/16 02:31 AM,03/27/16 02:31 AM,Biology of Gender & Sexuality,Weber (Edward T.),09:45:00 AM,11:15:00 AM
487,03/26/16 02:31 AM,03/28/16 02:31 AM,Public Relations,Weidhaas (Allison),01:10:00 PM,02:40:00 PM
488,03/27/16 02:31 AM,03/29/16 02:31 AM,Writing for the Media,Wiencek (Nancy A.),09:10:00 AM,10:10:00 AM
489,03/28/16 02:31 AM,03/30/16 02:31 AM,Intro to Media Convergence,Wiencek (Nancy A.),09:45:00 AM,11:15:00 AM
490,03/29/16 02:31 AM,03/31/16 02:31 AM,Spc Tpc:Lang & Power,Wilner (Arlene F.)|McGee (Timothy C.),02:50:00 PM,04:20:00 PM
491,03/30/16 02:31 AM,04/01/16 02:31 AM,Integrative Professional Capst,Wygal (Donald E.),02:50:00 PM,04:20:00 PM
492,03/31/16 02:31 AM,04/02/16 02:31 AM,Publication Design,Xia (Yun),09:45:00 AM,11:15:00 AM
493,04/01/16 02:31 AM,04/03/16 02:31 AM,Publication Design,Xia (Yun),01:10:00 PM,02:40:00 PM
494,04/02/16 02:31 AM,04/04/16 02:31 AM,Intro to Media Convergence,Xia (Yun),01:10:00 PM,02:40:00 PM
495,04/03/16 02:31 AM,04/05/16 02:31 AM,Prin Bio:Biology of Cells,Yavelow (Jonathan),09:10:00 AM,10:10:00 AM
496,04/04/16 02:31 AM,04/06/16 02:31 AM,From Big Bang to Orig of Life,Yavelow (Jonathan),10:20:00 AM,11:20:00 AM
497,04/05/16 02:31 AM,04/07/16 02:31 AM,Prin of Biology: Cells Lab,Yavelow (Jonathan),01:10:00 PM,04:10:00 PM
498,04/06/16 02:31 AM,04/08/16 02:31 AM,Prin of Biology: Cells Lab,Yavelow (Jonathan),01:10:00 PM,04:10:00 PM
499,04/07/16 02:31 AM,04/09/16 02:31 AM,Intro to Entrepreneurship,Zane (Lee J.),09:45:00 AM,11:15:00 AM
500,04/08/16 02:31 AM,04/10/16 02:31 AM,Small Business Management,Zane (Lee J.),02:50:00 PM,04:20:00 PM
501,04/09/16 02:31 AM,04/11/16 02:31 AM,Sociological Imagination,Zdan (Richard),10:20:00 AM,11:20:00 AM
502,04/10/16 02:31 AM,04/12/16 02:31 AM,Sociological Imagination,Zdan (Richard),11:30:00 AM,12:30:00 PM
503,04/11/16 02:31 AM,04/13/16 02:31 AM,Intro to Global Supp Chain Mgt,Zhu (Yunxia),02:50:00 PM,04:20:00 PM
